Dia;Cuenta;Red Social;Tipo de publicacion;Enlace;Comentario;Tema principal;Mes;Titulo;Likes;Comentarios;Guardados;Compartidos;Reproducciones;Fecha publicacion
28-jul;entretramites;TikTok;Video;https://www.tiktok.com/@entretramites/video/7666169896656538897;Lo siento, pero un buen trabajo tiene su precio fijo 😪. #EntreTramites #Gestoria #España #Humor;;Julio;Lo siento, pero un buen trabajo tiene su precio fijo 😪. #EntreTramites #Gestoria #España #Humor;7;0;0;3;861;2026-07-26 18:10:00
28-jul;entretramites;TikTok;Video;https://www.tiktok.com/@entretramites/video/7666126603570662663;La verdadera prueba de vivir en España no siempre son los trámites… a veces es calcular a qué hora estará despierta tu familia. 😅 ¿Cuántas horas de diferencia tienes con los tuyos? ⏰🌎 #Expats #VidaEnEspaña #LatinosEnEspaña #España #EntreTramites;;Julio;La verdadera prueba de vivir en España no siempre son los trámites… a veces es calcular a qué hora estará despierta tu familia. 😅 ¿Cuántas horas de diferencia tienes con los tuyos? ⏰🌎 #Expats #VidaEnEspaña #LatinosEnEspaña #España #EntreTramites;19;3;1;9;935;2026-07-25 16:25:00
28-jul;entretramites;TikTok;Video;https://www.tiktok.com/@entretramites/video/7666108071143476498;Que te denieguen un visado no significa que se acabó el camino, pero sí que el tiempo empieza a correr. ⏳ Dependiendo del motivo de la denegación, puedes presentar un recurso o incluso optar por una mejor alternativa. Desliza para conocer tus opciones y evitar perder los plazos. 👉 📲 Si necesitas ayuda con tu caso, reserva una consulta gratuita desde el enlace de nuestra bio. #Extranjería #VisadoEspaña #MigrarAEspaña #VidaEnEspaña #EntreTramites;;Julio;Que te denieguen un visado no significa que se acabó el camino, pero sí que el tiempo empieza a correr. ⏳ Dependiendo del motivo de la denegación, puedes presentar un recurso o incluso optar por una mejor alternativa. Desliza para conocer tus opciones y evitar perder los plazos. 👉 📲 Si necesitas ayuda con tu caso, reserva una consulta gratuita desde el enlace de nuestra bio. #Extranjería #VisadoEspaña #MigrarAEspaña #VidaEnEspaña #EntreTramites;3;0;0;0;838;2026-07-24 14:54:40
28-jul;entretramites;TikTok;Video;https://www.tiktok.com/@entretramites/video/7665729228821826834;Los premios por ganar un Mundial no llegan íntegros al bolsillo de los jugadores. En España, estas cantidades tributan en el IRPF y, dependiendo de la comunidad autónoma donde resida cada futbolista, la factura fiscal puede ser muy diferente. En este carrusel te explicamos: ⚽ Cuánto recibirá cada jugador. 💰 Cuánto podría acabar pagando en impuestos. 📍 Por qué la comunidad autónoma donde tributas también influye. 📊 Cuánto podría recaudar Hacienda solo con los premios de la selección. Más allá del fútbol, este es un buen recordatorio de que cualquier ingreso extraordinario —ya sea un premio, un bonus o una compensación— puede tener importantes consecuencias fiscales. 👉 Desliza el carrusel y descubre por qué entender la fiscalidad también forma parte del juego. 💬 ¿Crees que los premios deportivos deberían tener un tratamiento fiscal distinto o deberían tributar igual que cualquier otro ingreso? #mundial2026 #latinosenespaña #mundial #españa #EntreTramites;;Julio;Los premios por ganar un Mundial no llegan íntegros al bolsillo de los jugadores. En España, estas cantidades tributan en el IRPF y, dependiendo de la comunidad autónoma donde resida cada futbolista, la factura fiscal puede ser muy diferente. En este carrusel te explicamos: ⚽ Cuánto recibirá cada jugador. 💰 Cuánto podría acabar pagando en impuestos. 📍 Por qué la comunidad autónoma donde tributas también influye. 📊 Cuánto podría recaudar Hacienda solo con los premios de la selección. Más allá del fútbol, este es un buen recordatorio de que cualquier ingreso extraordinario —ya sea un premio, un bonus o una compensación— puede tener importantes consecuencias fiscales. 👉 Desliza el carrusel y descubre por qué entender la fiscalidad también forma parte del juego. 💬 ¿Crees que los premios deportivos deberían tener un tratamiento fiscal distinto o deberían tributar igual que cualquier otro ingreso? #mundial2026 #latinosenespaña #mundial #españa #EntreTramites;13;0;5;2;2145;2026-07-23 14:24:36
28-jul;entretramites;TikTok;Video;https://www.tiktok.com/@entretramites/video/7665406778057690376;Si te mudaste a España por trabajo, podrías ahorrar miles de euros al año con la Ley Beckham (Régimen Especial para Trabajadores Desplazados). 5 señales exprés de que aplica a ti: Empleo: Te trasladaste a España por trabajo o como nómada digital. Historial: No has sido residente fiscal en España en los últimos años. Perfil: Válido para profesionales calificados y ejecutivos. Sueldo: A mayor salario, mayor es tu ahorro fiscal. Plazo: Aún estás a tiempo de solicitarla antes de que venza el plazo legal. Ahorrar en impuestos en España es posible si actúas a tiempo. 👉 Haz clic en el enlace de la bio y reserva tu consulta gratuita en Entre Trámites para analizar tu caso hoy mismo. 📌 Guarda este post si te acabas de mudarse a España. #LeyBeckham #BeckhamLaw #NomadasDigitales #ResidenciaFiscal #EntreTramites ;;Julio;Si te mudaste a España por trabajo, podrías ahorrar miles de euros al año con la Ley Beckham (Régimen Especial para Trabajadores Desplazados). 5 señales exprés de que aplica a ti: Empleo: Te trasladaste a España por trabajo o como nómada digital. Historial: No has sido residente fiscal en España en los últimos años. Perfil: Válido para profesionales calificados y ejecutivos. Sueldo: A mayor salario, mayor es tu ahorro fiscal. Plazo: Aún estás a tiempo de solicitarla antes de que venza el plazo legal. Ahorrar en impuestos en España es posible si actúas a tiempo. 👉 Haz clic en el enlace de la bio y reserva tu consulta gratuita en Entre Trámites para analizar tu caso hoy mismo. 📌 Guarda este post si te acabas de mudarse a España. #LeyBeckham #BeckhamLaw #NomadasDigitales #ResidenciaFiscal #EntreTramites ;7;0;0;0;858;2026-07-22 17:33:22
28-jul;entretramites;TikTok;Video;https://www.tiktok.com/@entretramites/video/7664371498873883912;Hoy España vuelve a hacer historia. Un equipo que demostró que el talento, el esfuerzo, la disciplina y el trabajo en conjunto son la fórmula para alcanzar los mayores sueños. Este logro que quedará para siempre en la memoria de millones de personas. ¡Enhorabuena, campeones!  #Spain #España #FifaWorldCup2026 #Mundial2026 #EspañaCampeón ;;Julio;Hoy España vuelve a hacer historia. Un equipo que demostró que el talento, el esfuerzo, la disciplina y el trabajo en conjunto son la fórmula para alcanzar los mayores sueños. Este logro que quedará para siempre en la memoria de millones de personas. ¡Enhorabuena, campeones!  #Spain #España #FifaWorldCup2026 #Mundial2026 #EspañaCampeón ;22;4;2;0;865;2026-07-19 22:35:56
28-jul;entretramites;TikTok;Video;https://www.tiktok.com/@entretramites/video/7663141492277464328;Muchos expats y nómadas digitales creen que si pasan menos de 183 días al año en el país, sus impuestos están a salvo de la Agencia Tributaria. ¡Gran error! La residencia fiscal en España no solo se mide con el calendario. Hacienda también vigila de cerca: Tu dinero: Si tu principal actividad económica o patrimonio está aquí. Tu familia: Si tu cónyuge o hijos dependientes viven en territorio español. Tu estilo de vida: Pagos con tarjeta, facturas de luz, tu gimnasio y hasta tus redes sociales. Si cumples solo uno de estos criterios, Hacienda te considerará residente fiscal y tendrás que pagar impuestos por tus ingresos globales (¡con tasas de hasta más del 47%!). 📲 Evita sustos financieros: Antes de que la Agencia Tributaria toque a tu puerta, recuerda que existen blindajes legales como la Ley Beckham o la planificación de mudanza estratégica. Haz clic en el enlace de nuestra biografía y reserva tu consulta gratuita para que analicemos tu caso a medida. 💾 Guarda este post para planificar tus próximos viajes sin riesgos. ✈️ Comparte con ese amigo expat que necesita proteger su patrimonio hoy mismo. #ImpuestosEspaña #LeyBeckham #ExpatsSpain #NomadasDigitales #EntreTramites ;;Julio;Muchos expats y nómadas digitales creen que si pasan menos de 183 días al año en el país, sus impuestos están a salvo de la Agencia Tributaria. ¡Gran error! La residencia fiscal en España no solo se mide con el calendario. Hacienda también vigila de cerca: Tu dinero: Si tu principal actividad económica o patrimonio está aquí. Tu familia: Si tu cónyuge o hijos dependientes viven en territorio español. Tu estilo de vida: Pagos con tarjeta, facturas de luz, tu gimnasio y hasta tus redes sociales. Si cumples solo uno de estos criterios, Hacienda te considerará residente fiscal y tendrás que pagar impuestos por tus ingresos globales (¡con tasas de hasta más del 47%!). 📲 Evita sustos financieros: Antes de que la Agencia Tributaria toque a tu puerta, recuerda que existen blindajes legales como la Ley Beckham o la planificación de mudanza estratégica. Haz clic en el enlace de nuestra biografía y reserva tu consulta gratuita para que analicemos tu caso a medida. 💾 Guarda este post para planificar tus próximos viajes sin riesgos. ✈️ Comparte con ese amigo expat que necesita proteger su patrimonio hoy mismo. #ImpuestosEspaña #LeyBeckham #ExpatsSpain #NomadasDigitales #EntreTramites ;8;0;2;0;376;2026-07-16 15:02:53
28-jul;entretramites;TikTok;Video;https://www.tiktok.com/@entretramites/video/7662821868969266439;España vuelve a una final del Mundial, pero esta historia va mucho más allá del marcador. La selección refleja una realidad que vemos todos los días: personas con diferentes orígenes, culturas y experiencias construyendo un mismo futuro. Muchos de los futbolistas que hoy hacen vibrar al país son hijos de familias migrantes o nacieron fuera de España. Y lo mismo ocurre en muchas de las grandes selecciones del mundo. El deporte nos recuerda algo muy sencillo: el talento no entiende de fronteras. ⚽ ¿Qué jugador de esta selección te inspira más? #fifaworldcup #españa #entretramites #WorldCup #lamineyamal ;;Julio;España vuelve a una final del Mundial, pero esta historia va mucho más allá del marcador. La selección refleja una realidad que vemos todos los días: personas con diferentes orígenes, culturas y experiencias construyendo un mismo futuro. Muchos de los futbolistas que hoy hacen vibrar al país son hijos de familias migrantes o nacieron fuera de España. Y lo mismo ocurre en muchas de las grandes selecciones del mundo. El deporte nos recuerda algo muy sencillo: el talento no entiende de fronteras. ⚽ ¿Qué jugador de esta selección te inspira más? #fifaworldcup #españa #entretramites #WorldCup #lamineyamal ;10;2;0;1;972;2026-07-15 18:22:36
28-jul;entretramites;TikTok;Video;https://www.tiktok.com/@entretramites/video/7662423106593492242;¿Billetes listos pero tu TIE está caducada o en renovación? ✈️🛑 No dejes que el viaje de tus sueños se convierta en una pesadilla en el control de pasaportes al intentar volver a España. Para viajar sin miedo este verano, necesitas la Autorización de Regreso, el documento oficial que demuestra que tu residencia en España es completamente legal mientras se tramita tu tarjeta. ⚠️ ¡El tiempo corre! Las citas de extranjería en julio vuelan. En agosto la administración prácticamente se paraliza. Asegura tu retorno antes de subir al avión. Haz clic en el enlace de nuestra biografía y agenda tu consulta gratuita para que te ayudemos con el trámite hoy mismo. 📲 💾 Guarda este post para que no se te olvide y compártelo con ese amigo que está a punto de viajar. #AutorizacionDeRegreso #TIE #ExtranjeriaEspaña #RenovacionResidencia #EntreTramites ;;Julio;¿Billetes listos pero tu TIE está caducada o en renovación? ✈️🛑 No dejes que el viaje de tus sueños se convierta en una pesadilla en el control de pasaportes al intentar volver a España. Para viajar sin miedo este verano, necesitas la Autorización de Regreso, el documento oficial que demuestra que tu residencia en España es completamente legal mientras se tramita tu tarjeta. ⚠️ ¡El tiempo corre! Las citas de extranjería en julio vuelan. En agosto la administración prácticamente se paraliza. Asegura tu retorno antes de subir al avión. Haz clic en el enlace de nuestra biografía y agenda tu consulta gratuita para que te ayudemos con el trámite hoy mismo. 📲 💾 Guarda este post para que no se te olvide y compártelo con ese amigo que está a punto de viajar. #AutorizacionDeRegreso #TIE #ExtranjeriaEspaña #RenovacionResidencia #EntreTramites ;5;2;1;0;864;2026-07-14 16:35:11
28-jul;entretramites;TikTok;Video;https://www.tiktok.com/@entretramites/video/7660896105554660616;Cualquier parecido entre la batería de Rick y tus declaraciones de impuestos es pura coincidencia. Si sientes que trabajas solo para alimentar la maquinaria fiscal, en el link de nuestra bio te dejamos una consulta gratuita para que recuperes el control de tu dinero. ¡Comparte este video con ese amigo que también sufre con los trimestrales! 🥲 #Autonomos #Hacienda #AgenciaTributaria #EntreTramites#fy;;Julio;Cualquier parecido entre la batería de Rick y tus declaraciones de impuestos es pura coincidencia. Si sientes que trabajas solo para alimentar la maquinaria fiscal, en el link de nuestra bio te dejamos una consulta gratuita para que recuperes el control de tu dinero. ¡Comparte este video con ese amigo que también sufre con los trimestrales! 🥲 #Autonomos #Hacienda #AgenciaTributaria #EntreTramites#fy;56;0;3;2;1110;2026-07-11 16:15:00
28-jul;entretramites;TikTok;Video;https://www.tiktok.com/@entretramites/video/7660563436790648071;Estos 4 errores pueden retrasar (o arruinar) tu visado. Desde solicitar la visa en el momento equivocado hasta contratar un seguro médico que no cumple los requisitos del consulado... la burocracia no perdona un detalle mal puesto. 😮‍💨 Te contamos qué falla más a menudo en el proceso de residencia en España para estadounidenses: documentación, apostilla de La Haya, seguro médico y residencia fiscal. 📌 Guarda este carrusel antes de hacer las maletas. 🔗 Agenda tu consulta gratuita en el link de la bio y planifica tu mudanza sin sustos. #MudarseAEspaña #VisaEspaña #ResidenciaEnEspaña #EntreTramites #AmericanosEnEspaña;;Julio;Estos 4 errores pueden retrasar (o arruinar) tu visado. Desde solicitar la visa en el momento equivocado hasta contratar un seguro médico que no cumple los requisitos del consulado... la burocracia no perdona un detalle mal puesto. 😮‍💨 Te contamos qué falla más a menudo en el proceso de residencia en España para estadounidenses: documentación, apostilla de La Haya, seguro médico y residencia fiscal. 📌 Guarda este carrusel antes de hacer las maletas. 🔗 Agenda tu consulta gratuita en el link de la bio y planifica tu mudanza sin sustos. #MudarseAEspaña #VisaEspaña #ResidenciaEnEspaña #EntreTramites #AmericanosEnEspaña;7;0;1;0;1030;2026-07-09 16:18:41
28-jul;entretramites;TikTok;Video;https://www.tiktok.com/@entretramites/video/7659486915292450056;"¿Eres autónomo? El próximo 20 de julio podrías pagar más dinero de la cuenta por culpa de estos errores. Hacienda es muy estricta con lo que te puedes deducir, pero si cumples estas 3 reglas de oro, conseguirás bajar tus impuestos en estos trimestrales de forma segura: 1️⃣ Vinculación: El gasto tiene que ser 100% imprescindible para tu negocio. (Por ejemplo: un ordenador si eres diseñador sí entra; tus gafas de sol para la playa, no). 2️⃣ Justificación: Olvídate de los tiques de caja o el recibo de la tarjeta. Para Hacienda, eso no sirve para desgravar el IVA. Necesitas una factura completa a tu nombre, con tu NIF y todos tus datos fiscales. 3️⃣ Registro: No vale tener los papeles guardados en una caja. El gasto debe estar anotado en tus libros contables oficiales antes del cierre del trimestre. 💡 ¿No quieres complicarte con el papeleo ni cometer errores en tu Modelo 303? Déjalo en nuestras manos. Nos encargamos de tus impuestos para que tú solo te preocupes de hacer crecer tu negocio. 📌 Guarda este post para tenerlo siempre a mano. 📲 Ve al link de nuestra bio y agenda una consulta 100% gratuita. ¡Te ayudamos!";;Julio;"¿Eres autónomo? El próximo 20 de julio podrías pagar más dinero de la cuenta por culpa de estos errores. Hacienda es muy estricta con lo que te puedes deducir, pero si cumples estas 3 reglas de oro, conseguirás bajar tus impuestos en estos trimestrales de forma segura: 1️⃣ Vinculación: El gasto tiene que ser 100% imprescindible para tu negocio. (Por ejemplo: un ordenador si eres diseñador sí entra; tus gafas de sol para la playa, no). 2️⃣ Justificación: Olvídate de los tiques de caja o el recibo de la tarjeta. Para Hacienda, eso no sirve para desgravar el IVA. Necesitas una factura completa a tu nombre, con tu NIF y todos tus datos fiscales. 3️⃣ Registro: No vale tener los papeles guardados en una caja. El gasto debe estar anotado en tus libros contables oficiales antes del cierre del trimestre. 💡 ¿No quieres complicarte con el papeleo ni cometer errores en tu Modelo 303? Déjalo en nuestras manos. Nos encargamos de tus impuestos para que tú solo te preocupes de hacer crecer tu negocio. 📌 Guarda este post para tenerlo siempre a mano. 📲 Ve al link de nuestra bio y agenda una consulta 100% gratuita. ¡Te ayudamos!";4;0;1;0;805;2026-07-06 18:41:26
28-jul;entretramites;TikTok;Video;https://www.tiktok.com/@entretramites/video/7658405955717041415;"¿Es en serio la pregunta, oficial? Uno nunca sabe cuándo va a necesitar hacer un sancocho/un buen guiso de emergencia en el hotel de 3 estrellas. El apego emocional a las ollas de la mamá no se negocia con nadie. Confiesen en los comentarios: ¿Qué es lo más raro o ""sospechoso"" que se han llevado en la maleta para ""irse de vacaciones""? Los leemos. #EntreTramites #España #LatinosEnEspaña #Meme #LuisEnrique";;Julio;"¿Es en serio la pregunta, oficial? Uno nunca sabe cuándo va a necesitar hacer un sancocho/un buen guiso de emergencia en el hotel de 3 estrellas. El apego emocional a las ollas de la mamá no se negocia con nadie. Confiesen en los comentarios: ¿Qué es lo más raro o ""sospechoso"" que se han llevado en la maleta para ""irse de vacaciones""? Los leemos. #EntreTramites #España #LatinosEnEspaña #Meme #LuisEnrique";23;2;0;4;927;2026-07-04 17:05:00
28-jul;entretramites;TikTok;Video;https://www.tiktok.com/@entretramites/video/7658325300958350610;¡Keyne nos representa!❤️  #FIFAWorldCup #LaRoja #España #EntreTramites #LamineYamal;;Julio;¡Keyne nos representa!❤️  #FIFAWorldCup #LaRoja #España #EntreTramites #LamineYamal;312;26;13;8;9315;2026-07-03 15:33:37
28-jul;entretramites;TikTok;Video;https://www.tiktok.com/@entretramites/video/7657577000780958984;Si aún no has tramitado tu visado de estudiante, el tiempo se agota. 🚨 No te confíes con el verano: debes presentar tu solicitud 60 días antes del inicio del curso o la denegación es casi segura. ¡No pierdas los beneficios de esta visa! Trabajar legalmente hasta 30 horas semanales. Venir con tus familiares desde el primer día. 📲 Evita el estrés del papeleo: En el enlace de nuestra biografía puedes agendar una consulta gratuita. Nosotros analizamos la viabilidad de tu visado para que llegues a tiempo. 👉 Guarda este post para que no se te olviden los plazos o compártelo con quien lo necesite. #VisadoDeEstudiante #EstudiarEnEspaña #ExtranjeríaEspaña #VisaDeEstudio #EntreTramites;;Julio;Si aún no has tramitado tu visado de estudiante, el tiempo se agota. 🚨 No te confíes con el verano: debes presentar tu solicitud 60 días antes del inicio del curso o la denegación es casi segura. ¡No pierdas los beneficios de esta visa! Trabajar legalmente hasta 30 horas semanales. Venir con tus familiares desde el primer día. 📲 Evita el estrés del papeleo: En el enlace de nuestra biografía puedes agendar una consulta gratuita. Nosotros analizamos la viabilidad de tu visado para que llegues a tiempo. 👉 Guarda este post para que no se te olviden los plazos o compártelo con quien lo necesite. #VisadoDeEstudiante #EstudiarEnEspaña #ExtranjeríaEspaña #VisaDeEstudio #EntreTramites;12;2;4;1;946;2026-07-01 15:09:47
28-jul;entretramites;TikTok;Video;https://www.tiktok.com/@entretramites/video/7655782290261363986;¡Los Simpson lo predijeron otra vez! ¿Se te pasó el plazo de los impuestos? Respira. El plazo está por cerrar, así que no lo vayas a dejar pasar por mucho más tiempo: cada día cuenta y cuanto antes lo enviemos, menor será la sanción de Hacienda. En Entre Trámites te rescatamos del caos: Presentación, sanción mínima y sin errores. No dejes que una multa te quite el sueño. Escríbenos un mensaje directo o haz clic en el enlace de nuestra bio y lo solucionamos juntos.  #Autónomos #Hacienda #IRPF #EntreTramites #España #Humor;;Julio;¡Los Simpson lo predijeron otra vez! ¿Se te pasó el plazo de los impuestos? Respira. El plazo está por cerrar, así que no lo vayas a dejar pasar por mucho más tiempo: cada día cuenta y cuanto antes lo enviemos, menor será la sanción de Hacienda. En Entre Trámites te rescatamos del caos: Presentación, sanción mínima y sin errores. No dejes que una multa te quite el sueño. Escríbenos un mensaje directo o haz clic en el enlace de nuestra bio y lo solucionamos juntos.  #Autónomos #Hacienda #IRPF #EntreTramites #España #Humor;9;0;1;1;914;2026-06-27 16:20:00
28-jul;entretramites;TikTok;Video;https://www.tiktok.com/@entretramites/video/7655777437292252423;"🚗💥 ¿Tuviste un accidente?  Si has tenido un choque (o te han atropellado en patinete eléctrico, bici o a pie), la aseguradora va a mirar por su bolsillo, no por el tuyo. 🤫 Guarda esto antes de perder tu indemnización por accidente: ⏱️ La regla de las 72 horas: Tienes solo 3 días para ir a urgencias. Si se te pasa el plazo, el informe médico pierde validez y no podrás reclamar. 📱 Todo suma: ¿Se te rompió el móvil o las gafas? ¿Gastaste en taxis para ir a rehabilitación o estuviste de baja laboral? Todo eso te lo tienen que pagar. En Entre Trámites nos peleamos con el papeleo y las compañías por ti para que recibas hasta el último euro que te corresponde por ley. 👉 Escribe ""ACCIDENTE"" en los comentarios o haz clic en el link de nuestra biografía para reservar tu consulta gratuita con un especialista. #entretramites #accidente #vivirenespaña #DGT #España ";;Julio;"🚗💥 ¿Tuviste un accidente?  Si has tenido un choque (o te han atropellado en patinete eléctrico, bici o a pie), la aseguradora va a mirar por su bolsillo, no por el tuyo. 🤫 Guarda esto antes de perder tu indemnización por accidente: ⏱️ La regla de las 72 horas: Tienes solo 3 días para ir a urgencias. Si se te pasa el plazo, el informe médico pierde validez y no podrás reclamar. 📱 Todo suma: ¿Se te rompió el móvil o las gafas? ¿Gastaste en taxis para ir a rehabilitación o estuviste de baja laboral? Todo eso te lo tienen que pagar. En Entre Trámites nos peleamos con el papeleo y las compañías por ti para que recibas hasta el último euro que te corresponde por ley. 👉 Escribe ""ACCIDENTE"" en los comentarios o haz clic en el link de nuestra biografía para reservar tu consulta gratuita con un especialista. #entretramites #accidente #vivirenespaña #DGT #España ";8;0;1;0;884;2026-06-26 18:46:35
28-jul;entretramites;TikTok;Video;https://www.tiktok.com/@entretramites/video/7655037077968440594;La nueva instrucción de la Dirección General de Migraciones ha flexibilizado las reglas del juego para la comunidad de venezolanos en España. Ya no tienes que temer quedarte en el limbo legal ni cruzarte de brazos por no conseguir un contrato de trabajo con requisitos imposibles. El camino para modificar la residencia hacia un permiso de trabajo de 4 años es ahora mucho más accesible, seguro y humano. En Entre Trámites nos mueve ayudarte a regularizar tu situación sin estrés. Por eso, queremos revisar tu caso de forma personalizada. 👉 Haz clic en el enlace de nuestra biografía y agenda tu consulta gratuita hoy mismo. Nuestro equipo de expertos está listo para guiarte en el paso a paso de tu modificación. ¡No lo dejes para el último momento! Guarda este post para tener los plazos a mano y compártelo con ese amigo que necesita leer esto ahora mismo. 📲 #ExtranjeríaEspaña #VenezolanosEnEspaña #RazonesHumanitarias #ModificarResidencia #EntreTramites;;Julio;La nueva instrucción de la Dirección General de Migraciones ha flexibilizado las reglas del juego para la comunidad de venezolanos en España. Ya no tienes que temer quedarte en el limbo legal ni cruzarte de brazos por no conseguir un contrato de trabajo con requisitos imposibles. El camino para modificar la residencia hacia un permiso de trabajo de 4 años es ahora mucho más accesible, seguro y humano. En Entre Trámites nos mueve ayudarte a regularizar tu situación sin estrés. Por eso, queremos revisar tu caso de forma personalizada. 👉 Haz clic en el enlace de nuestra biografía y agenda tu consulta gratuita hoy mismo. Nuestro equipo de expertos está listo para guiarte en el paso a paso de tu modificación. ¡No lo dejes para el último momento! Guarda este post para tener los plazos a mano y compártelo con ese amigo que necesita leer esto ahora mismo. 📲 #ExtranjeríaEspaña #VenezolanosEnEspaña #RazonesHumanitarias #ModificarResidencia #EntreTramites;6;0;1;6;576;2026-06-24 18:53:36
28-jul;entretramites;TikTok;Video;https://www.tiktok.com/@entretramites/video/7654645770041216274;Emigrar da muchísimo vértigo, y lo último que quieres es que un documento mal gestionado frene tus planes. Pero ojo: no tienes que descifrar el sistema a ciegas. Si ya tomaste la decisión de dar el salto, tienes el link de nuestra bio para agendar una consulta gratuita con nuestro equipo de extranjería. Revisamos tu caso y trazamos tu ruta de trámites en España paso a paso. 🧳✈️ En este carrusel te dejamos el checklist definitivo: desde cómo elegir tu visado para España y entender tu residencia fiscal, hasta el empadronamiento y la TIE. 👉 Guarda este post como tu brújula de mudanza y cuéntanos en los comentarios: de todos estos pasos, ¿cuál es el que te da más dolor de cabeza hoy? Te leemos para echarte una mano. 👇 #VivirEnEspaña #ExtranjeríaEspaña #EntreTramites #NomadaDigitalEspaña #LeyBeckham ;;Julio;Emigrar da muchísimo vértigo, y lo último que quieres es que un documento mal gestionado frene tus planes. Pero ojo: no tienes que descifrar el sistema a ciegas. Si ya tomaste la decisión de dar el salto, tienes el link de nuestra bio para agendar una consulta gratuita con nuestro equipo de extranjería. Revisamos tu caso y trazamos tu ruta de trámites en España paso a paso. 🧳✈️ En este carrusel te dejamos el checklist definitivo: desde cómo elegir tu visado para España y entender tu residencia fiscal, hasta el empadronamiento y la TIE. 👉 Guarda este post como tu brújula de mudanza y cuéntanos en los comentarios: de todos estos pasos, ¿cuál es el que te da más dolor de cabeza hoy? Te leemos para echarte una mano. 👇 #VivirEnEspaña #ExtranjeríaEspaña #EntreTramites #NomadaDigitalEspaña #LeyBeckham ;5;0;2;0;947;2026-06-23 17:35:15
28-jul;entretramites;TikTok;Video;https://www.tiktok.com/@entretramites/video/7653529016804117780;"Nadie te advierte que el verdadero ""jefe final"" de España no es conseguir la cita para la TIE, es lidiar con Hacienda.  Solo los verdaderos supervivientes entenderán este video. Compártelo si te identificas. Si necesitas asesoría para revisar tus trámites, en el link de nuestra bio puedes agendar una consulta gratis. #EntreTramites #NIE #TIE #Empadronamiento #Humor";;Julio;"Nadie te advierte que el verdadero ""jefe final"" de España no es conseguir la cita para la TIE, es lidiar con Hacienda.  Solo los verdaderos supervivientes entenderán este video. Compártelo si te identificas. Si necesitas asesoría para revisar tus trámites, en el link de nuestra bio puedes agendar una consulta gratis. #EntreTramites #NIE #TIE #Empadronamiento #Humor";9;0;1;1;639;2026-06-20 17:21:34
28-jul;entretramites;TikTok;Video;https://www.tiktok.com/@entretramites/video/7653161044352765202;En España, el camino legal para un divorcio depende completamente de tu situación: Divorcio Express (Vía Notarial): La opción más rápida y sencilla si hay mutuo acuerdo y no existen hijos menores ni bienes que repartir. Vía Judicial: Es obligatoria si hay hijos menores o falta de consenso. Aquí la clave es redactar un Convenio Regulador sólido que proteja las custodias y tu patrimonio. No tienes que cargar con todo el papeleo pesado de certificados, apostillas y redacción jurídica tú solo. En Entre Trámites nos ocupamos de la gestión legal para que tú te enfoques en lo que de verdad importa: tu bienestar y el de tu familia. 🔗 ¿No sabes cuál es tu vía ideal? En el enlace de nuestra biografía puedes reservar una consulta gratuita. Cuéntanos tu caso y te diremos exactamente cómo empezar con buen pie. 💾 ¡Guarda este post para tenerlo a mano o compártelo con alguien a quien le pueda servir de ayuda! #Divorcio #entretramites #Separacion #españa #DivorcioExpress;;Julio;En España, el camino legal para un divorcio depende completamente de tu situación: Divorcio Express (Vía Notarial): La opción más rápida y sencilla si hay mutuo acuerdo y no existen hijos menores ni bienes que repartir. Vía Judicial: Es obligatoria si hay hijos menores o falta de consenso. Aquí la clave es redactar un Convenio Regulador sólido que proteja las custodias y tu patrimonio. No tienes que cargar con todo el papeleo pesado de certificados, apostillas y redacción jurídica tú solo. En Entre Trámites nos ocupamos de la gestión legal para que tú te enfoques en lo que de verdad importa: tu bienestar y el de tu familia. 🔗 ¿No sabes cuál es tu vía ideal? En el enlace de nuestra biografía puedes reservar una consulta gratuita. Cuéntanos tu caso y te diremos exactamente cómo empezar con buen pie. 💾 ¡Guarda este post para tenerlo a mano o compártelo con alguien a quien le pueda servir de ayuda! #Divorcio #entretramites #Separacion #españa #DivorcioExpress;10;2;0;2;490;2026-06-19 17:33:39
28-jul;entretramites;TikTok;Video;https://www.tiktok.com/@entretramites/video/7652376545985629458;"¿Vivir juntos en España pero sin saber qué trámite elegir? La decisión entre matrimonio y pareja de hecho cambia por completo tus papeles, tu tiempo y tus impuestos. Ambas vías te abren las puertas para vivir y trabajar legalmente, pero las reglas del juego cambian según tu Comunidad Autónoma. El matrimonio te da más protección fiscal; la pareja de hecho, más rapidez. ¿Cuál es la mejor opción para tu caso particular? No arriesgues tu futuro por un error burocrático. 👉 Asegura tus papeles hoy mismo. Haz clic en el LINK DE NUESTRA BIO y reserva tu CONSULTA GRATUITA con nuestros expertos. 📲 ¡Guarda este post si te sirvió y desliza para ver los detalles de cada Comunidad! ➡️ #ParejaDeHecho #MatrimonioEspaña #ImpuestosEspaña #EntreTramites #Irpf";;Julio;"¿Vivir juntos en España pero sin saber qué trámite elegir? La decisión entre matrimonio y pareja de hecho cambia por completo tus papeles, tu tiempo y tus impuestos. Ambas vías te abren las puertas para vivir y trabajar legalmente, pero las reglas del juego cambian según tu Comunidad Autónoma. El matrimonio te da más protección fiscal; la pareja de hecho, más rapidez. ¿Cuál es la mejor opción para tu caso particular? No arriesgues tu futuro por un error burocrático. 👉 Asegura tus papeles hoy mismo. Haz clic en el LINK DE NUESTRA BIO y reserva tu CONSULTA GRATUITA con nuestros expertos. 📲 ¡Guarda este post si te sirvió y desliza para ver los detalles de cada Comunidad! ➡️ #ParejaDeHecho #MatrimonioEspaña #ImpuestosEspaña #EntreTramites #Irpf";7;1;1;0;913;2026-06-17 14:49:23
28-jul;entretramites;TikTok;Video;https://www.tiktok.com/@entretramites/video/7652041929093352711;"El mayor miedo de cualquier autónomo o extranjero en España: que te llegue una carta de Hacienda reclamando miles de euros por un error inocente. 😰 Esto le pasó a un cliente que, por puro desconocimiento, no declaró sus ingresos del extranjero pensando que ""como ya había pagado impuestos fuera, en España no tocaba"". ¿El resultado? Una propuesta de sanción de 5.000€. Afortunadamente para nuestro cliente, llegó a nosotros rápido para corregirlo. 📲 ¿Tienes dudas con tus rentas internacionales? No te la juegues a ciegas con la declaración de la renta. Haz clic en el enlace de nuestra bio y agenda una consulta gratuita con nuestro equipo antes de que sea tarde. ¿Cómo lo solucionamos en Entre Trámites? Analizamos el Convenio de Doble Imposición. Presentamos alegaciones técnicas impecables y a tiempo. Hacienda anuló la multa: el cliente pagó 0€ y recuperó la paz. La residencia fiscal en España tiene trampas que es mejor no esquivar solo. Deja que nos encarguemos del papeleo mientras tú te enfocas en lo tuyo. 💾 Guarda este post para que no se te olvide, o compártelo con ese amigo que teletrabaja para el extranjero. ¡Le puedes salvar el bolsillo! #Hacienda #Autonomos #DeclaracionDeLaRenta #ImpuestosEspaña #RentasExtranjero";;Julio;"El mayor miedo de cualquier autónomo o extranjero en España: que te llegue una carta de Hacienda reclamando miles de euros por un error inocente. 😰 Esto le pasó a un cliente que, por puro desconocimiento, no declaró sus ingresos del extranjero pensando que ""como ya había pagado impuestos fuera, en España no tocaba"". ¿El resultado? Una propuesta de sanción de 5.000€. Afortunadamente para nuestro cliente, llegó a nosotros rápido para corregirlo. 📲 ¿Tienes dudas con tus rentas internacionales? No te la juegues a ciegas con la declaración de la renta. Haz clic en el enlace de nuestra bio y agenda una consulta gratuita con nuestro equipo antes de que sea tarde. ¿Cómo lo solucionamos en Entre Trámites? Analizamos el Convenio de Doble Imposición. Presentamos alegaciones técnicas impecables y a tiempo. Hacienda anuló la multa: el cliente pagó 0€ y recuperó la paz. La residencia fiscal en España tiene trampas que es mejor no esquivar solo. Deja que nos encarguemos del papeleo mientras tú te enfocas en lo tuyo. 💾 Guarda este post para que no se te olvide, o compártelo con ese amigo que teletrabaja para el extranjero. ¡Le puedes salvar el bolsillo! #Hacienda #Autonomos #DeclaracionDeLaRenta #ImpuestosEspaña #RentasExtranjero";16;4;4;3;1046;2026-06-16 17:10:55
28-jul;entretramites;TikTok;Video;https://www.tiktok.com/@entretramites/video/7651226225628728584;No me juzgues. En lugar de eso, obtén una consulta gratis en el link de la bio (inicio puntual). #EntreTramites #Extranjeria #Fiscalidad #Autonomos #Humor;;Julio;No me juzgues. En lugar de eso, obtén una consulta gratis en el link de la bio (inicio puntual). #EntreTramites #Extranjeria #Fiscalidad #Autonomos #Humor;14;2;1;3;1034;2026-06-14 12:25:36
28-jul;entretramites;TikTok;Video;https://www.tiktok.com/@entretramites/video/7650538787264613640;🚨 No te quedes en el limbo legal. Hoy, 12 de junio de 2026, entra en vigor el Pacto Europeo de Migración y España deja de conceder y renovar la residencia por razones humanitarias para ciudadanos venezolanos. Sabemos que esta noticia genera muchísima incertidumbre, pero la clave es actuar rápido y con estrategia. Si quieres asegurar tu estatus legal, estas son tus opciones inmediatas: 🔄 Modificar residencia venezolanos 2026: Pasa de tu tarjeta humanitaria a un permiso de residencia y trabajo ordinario antes de que caduque. ⏳ Regularización extraordinaria (RD 316/2026): Si entraste o pediste asilo antes del 1 de enero de 2026, tienes hasta el 30 de junio para acogerte a este decreto. Nacionalidad Española: Al ser venezolano, solo necesitas 2 años de residencia legal para solicitarla (¡y el tiempo con la humanitaria cuenta!). El tiempo corre y un error de plazos en extranjería se paga caro. No te la juegues solo. 👉 Haz clic en el enlace de nuestra biografía y reserva tu consulta gratuita. Tu caso será analizado por un abogado de extranjería en España experto de nuestro equipo para diseñar tu plan a medida. 📥 Guarda este post para no perder de vista los plazos y compártelo con quien necesite regularizar su situación ¡YA! #EntreTramites #ResidenciaHumanitaria #venezolanosenespaña #Regularización2026 #regularizacion ;;Julio;🚨 No te quedes en el limbo legal. Hoy, 12 de junio de 2026, entra en vigor el Pacto Europeo de Migración y España deja de conceder y renovar la residencia por razones humanitarias para ciudadanos venezolanos. Sabemos que esta noticia genera muchísima incertidumbre, pero la clave es actuar rápido y con estrategia. Si quieres asegurar tu estatus legal, estas son tus opciones inmediatas: 🔄 Modificar residencia venezolanos 2026: Pasa de tu tarjeta humanitaria a un permiso de residencia y trabajo ordinario antes de que caduque. ⏳ Regularización extraordinaria (RD 316/2026): Si entraste o pediste asilo antes del 1 de enero de 2026, tienes hasta el 30 de junio para acogerte a este decreto. Nacionalidad Española: Al ser venezolano, solo necesitas 2 años de residencia legal para solicitarla (¡y el tiempo con la humanitaria cuenta!). El tiempo corre y un error de plazos en extranjería se paga caro. No te la juegues solo. 👉 Haz clic en el enlace de nuestra biografía y reserva tu consulta gratuita. Tu caso será analizado por un abogado de extranjería en España experto de nuestro equipo para diseñar tu plan a medida. 📥 Guarda este post para no perder de vista los plazos y compártelo con quien necesite regularizar su situación ¡YA! #EntreTramites #ResidenciaHumanitaria #venezolanosenespaña #Regularización2026 #regularizacion ;29;4;24;15;4098;2026-06-12 15:57:57
28-jul;entretramites;TikTok;Video;https://www.tiktok.com/@entretramites/video/7650172962707934472;🏠  Cuidado con la letra pequeña... Comprar una vivienda como extranjero o expatriado es un sueño, pero la burocracia y las normativas de hipotecas en España para 2026 pueden convertirse en una pesadilla si no conoces las reglas del juego. 🛑 Un error en el cálculo de los gastos o no tener el perfil que buscan los bancos te puede costar miles de euros (y muchos dolores de cabeza). 👉 Desliza las imágenes para descubrir los requisitos clave, los impuestos ocultos que nadie te cuenta y el documento obligatorio que necesitas antes de firmar nada. 📲 ¿Quieres ir sobre seguro? No te la juegues con tu dinero. Haz clic en el enlace de nuestra biografía y reserva ahora tu consulta gratuita con el equipo de Entre Trámites. ¡Te ayudamos a conseguir las mejores condiciones! #ComprarCasaEspaña #HipotecaParaExtranjeros #ExpatriadosEspaña #VivirEnEspaña #EntreTramites;;Julio;🏠  Cuidado con la letra pequeña... Comprar una vivienda como extranjero o expatriado es un sueño, pero la burocracia y las normativas de hipotecas en España para 2026 pueden convertirse en una pesadilla si no conoces las reglas del juego. 🛑 Un error en el cálculo de los gastos o no tener el perfil que buscan los bancos te puede costar miles de euros (y muchos dolores de cabeza). 👉 Desliza las imágenes para descubrir los requisitos clave, los impuestos ocultos que nadie te cuenta y el documento obligatorio que necesitas antes de firmar nada. 📲 ¿Quieres ir sobre seguro? No te la juegues con tu dinero. Haz clic en el enlace de nuestra biografía y reserva ahora tu consulta gratuita con el equipo de Entre Trámites. ¡Te ayudamos a conseguir las mejores condiciones! #ComprarCasaEspaña #HipotecaParaExtranjeros #ExpatriadosEspaña #VivirEnEspaña #EntreTramites;6;0;2;0;999;2026-06-11 16:18:21
28-jul;entretramites;TikTok;Video;https://www.tiktok.com/@entretramites/video/7649445203304123656;"¿Esa cláusula es legal... o te la están jugando? 🧐🏠 Encontrar el piso ideal en España ya es un logro, pero sentarte a leer el contrato de alquiler y sentir que hay ""gato encerrado"" es un dolor de cabeza completamente diferente. El miedo a que te la cuelen es real. Sabemos que tienes ganas de mudarte ya, pero no firmes nada con dudas. En el mercado inmobiliario actual, es súper común encontrarse con exigencias que la Ley de Arrendamientos Urbanos (LAU) no permite: ❌ Fianzas de alquiler excesivas que superan los límites legales. ❌ Cláusulas trampa que te obligan a pagar reparaciones que le corresponden al propietario. ❌ Contratos de temporada camuflados para quitarte derechos como inquilino. Alquilar tu nueva casa debería ser una alegría, no una fuente de estrés. Antes de transferir un solo euro o firmar, deja que un experto lo revise. En Entre Trámites realizamos un análisis técnico de tu contrato de alquiler para que firmes con absoluta tranquilidad. 👉 ¿Tienes un contrato sobre la mesa justo ahora? No te la juegues. Asegura tu tranquilidad reservando una consulta gratuita a través del enlace de nuestra biografía. 💾 ¡Guarda este post! Lo vas a necesitar en cuanto encuentres el piso de tus sueños. #ContratoDeAlquiler #Entretramites #AlquilarPiso #FianzaAlquiler #España";;Julio;"¿Esa cláusula es legal... o te la están jugando? 🧐🏠 Encontrar el piso ideal en España ya es un logro, pero sentarte a leer el contrato de alquiler y sentir que hay ""gato encerrado"" es un dolor de cabeza completamente diferente. El miedo a que te la cuelen es real. Sabemos que tienes ganas de mudarte ya, pero no firmes nada con dudas. En el mercado inmobiliario actual, es súper común encontrarse con exigencias que la Ley de Arrendamientos Urbanos (LAU) no permite: ❌ Fianzas de alquiler excesivas que superan los límites legales. ❌ Cláusulas trampa que te obligan a pagar reparaciones que le corresponden al propietario. ❌ Contratos de temporada camuflados para quitarte derechos como inquilino. Alquilar tu nueva casa debería ser una alegría, no una fuente de estrés. Antes de transferir un solo euro o firmar, deja que un experto lo revise. En Entre Trámites realizamos un análisis técnico de tu contrato de alquiler para que firmes con absoluta tranquilidad. 👉 ¿Tienes un contrato sobre la mesa justo ahora? No te la juegues. Asegura tu tranquilidad reservando una consulta gratuita a través del enlace de nuestra biografía. 💾 ¡Guarda este post! Lo vas a necesitar en cuanto encuentres el piso de tus sueños. #ContratoDeAlquiler #Entretramites #AlquilarPiso #FianzaAlquiler #España";9;0;2;0;898;2026-06-09 17:14:21
28-jul;entretramites;TikTok;Video;https://www.tiktok.com/@entretramites/video/7647241863618891015;¿Sabías que el consulado evalúa tu Visa No Lucrativa con métricas exactas y cero flexibilidad? En los trámites de extranjería, la precisión es tu única garantía. 📈 Lección del día: No adivines si cumples los requisitos. En el link de nuestra bio tienes una consulta gratuita para validar tu expediente y asegurar tu residencia en España. Revisa estos 5 puntos técnicos antes de entregar tu carpeta: 📊 IPREM: Exigen el 400% neto exacto en extractos de los últimos 6 a 12 meses. 🏥 Seguro médico: 100% español, completo, sin copagos ni carencias. ⏳ Vigencia: Los antecedentes penales y médicos caducan a los 3 o 6 meses. ✍️ Idiomas: Solo es válida la Traducción Jurada por profesionales del MAEC. 📄 Fotocopias: Lleva el checklist completo por duplicado (original Y copia). 📌 Guarda este post como tu guía de estudio y compártelo con quien esté preparando su documentación. ¡La organización es la clave! #entretramites #visanolucrativa #nlv #españa #vnl ;;Julio;¿Sabías que el consulado evalúa tu Visa No Lucrativa con métricas exactas y cero flexibilidad? En los trámites de extranjería, la precisión es tu única garantía. 📈 Lección del día: No adivines si cumples los requisitos. En el link de nuestra bio tienes una consulta gratuita para validar tu expediente y asegurar tu residencia en España. Revisa estos 5 puntos técnicos antes de entregar tu carpeta: 📊 IPREM: Exigen el 400% neto exacto en extractos de los últimos 6 a 12 meses. 🏥 Seguro médico: 100% español, completo, sin copagos ni carencias. ⏳ Vigencia: Los antecedentes penales y médicos caducan a los 3 o 6 meses. ✍️ Idiomas: Solo es válida la Traducción Jurada por profesionales del MAEC. 📄 Fotocopias: Lleva el checklist completo por duplicado (original Y copia). 📌 Guarda este post como tu guía de estudio y compártelo con quien esté preparando su documentación. ¡La organización es la clave! #entretramites #visanolucrativa #nlv #españa #vnl ;6;0;2;0;954;2026-06-03 18:44:16
28-jul;entretramites;TikTok;Video;https://www.tiktok.com/@entretramites/video/7646851658122579218;🚨 ¿Confirmar el borrador de la Renta a las prisas? Hacienda no perdona los errores de última hora. Omitir ingresos o perder deducciones autonómicas te puede costar carísimo en multas o dinero perdido. Para tu tranquilidad, asegura tu declaración agendando una consulta gratuita en el link de nuestra bio. Un especialista de Entre Trámites revisará tu caso para que no pagues de más en tus impuestos en España. 📌 ¡Guarda este post y compártelo con ese amigo que siempre lo deja todo para el final! #entretramites #irpf #hacienda #españa #declaraciondelarenta ;;Julio;🚨 ¿Confirmar el borrador de la Renta a las prisas? Hacienda no perdona los errores de última hora. Omitir ingresos o perder deducciones autonómicas te puede costar carísimo en multas o dinero perdido. Para tu tranquilidad, asegura tu declaración agendando una consulta gratuita en el link de nuestra bio. Un especialista de Entre Trámites revisará tu caso para que no pagues de más en tus impuestos en España. 📌 ¡Guarda este post y compártelo con ese amigo que siempre lo deja todo para el final! #entretramites #irpf #hacienda #españa #declaraciondelarenta ;13;2;1;0;889;2026-06-02 17:30:02
28-jul;entretramites;TikTok;Video;https://www.tiktok.com/@entretramites/video/7645708621418122517;Bad Bunny hizo su parte mencionando a gran parte de Latinoamérica... 🎵🌎 Pero si hablamos de los países que pueden solicitar la nacionalidad española tras solo 2 años de residencia legal, todavía le faltaron algunos en la canción: Andorra, Guinea Ecuatorial, Filipinas y Portugal. 😅 La buena noticia es que los ciudadanos de todos estos países también pueden acceder a este beneficio, siempre que cumplan los requisitos establecidos. 🇪🇸 ¿Quieres saber si tu caso cumple las condiciones para solicitar la nacionalidad española? Agenda una consulta gratuita con nuestro equipo a través del enlace de la bio. 👆 #BadBunny #entretramites #vivirenespaña #nacionalidadespañola #España;;Julio;Bad Bunny hizo su parte mencionando a gran parte de Latinoamérica... 🎵🌎 Pero si hablamos de los países que pueden solicitar la nacionalidad española tras solo 2 años de residencia legal, todavía le faltaron algunos en la canción: Andorra, Guinea Ecuatorial, Filipinas y Portugal. 😅 La buena noticia es que los ciudadanos de todos estos países también pueden acceder a este beneficio, siempre que cumplan los requisitos establecidos. 🇪🇸 ¿Quieres saber si tu caso cumple las condiciones para solicitar la nacionalidad española? Agenda una consulta gratuita con nuestro equipo a través del enlace de la bio. 👆 #BadBunny #entretramites #vivirenespaña #nacionalidadespañola #España;18;0;1;0;938;2026-05-30 15:34:25
28-jul;entretramites;TikTok;Video;https://www.tiktok.com/@entretramites/video/7645022647755050247;Jubilarse en España es el sueño de muchos estadounidenses, pero entre elegir la Visa No Lucrativa, entender los impuestos en España y descifrar el laberinto de la extranjería, es normal sentirse abrumado. ¡Que los trámites no frenen tus planes de retiro! Desliza este carrusel para descubrir la hoja de ruta definitiva para este 2026: ¿Qué visa te conviene más? Analizamos la NLV frente a la Visa de Nómada Digital. El mito de los impuestos: Cómo funciona el tratado USA-España y el Formulario 720. Planificación legal: Por qué tu testamento actual podría no ser suficiente aquí. 📌 Guarda este post para tenerlo a mano cuando empieces a hacer las maletas y compártelo con quien ya esté planeando su futuro bajo el sol. ✈️ #entretramites #nonlucrativevisa #dnv #visanolucrativa #nomadadigital;;Julio;Jubilarse en España es el sueño de muchos estadounidenses, pero entre elegir la Visa No Lucrativa, entender los impuestos en España y descifrar el laberinto de la extranjería, es normal sentirse abrumado. ¡Que los trámites no frenen tus planes de retiro! Desliza este carrusel para descubrir la hoja de ruta definitiva para este 2026: ¿Qué visa te conviene más? Analizamos la NLV frente a la Visa de Nómada Digital. El mito de los impuestos: Cómo funciona el tratado USA-España y el Formulario 720. Planificación legal: Por qué tu testamento actual podría no ser suficiente aquí. 📌 Guarda este post para tenerlo a mano cuando empieces a hacer las maletas y compártelo con quien ya esté planeando su futuro bajo el sol. ✈️ #entretramites #nonlucrativevisa #dnv #visanolucrativa #nomadadigital;6;0;1;0;971;2026-05-28 19:12:30
28-jul;entretramites;TikTok;Video;https://www.tiktok.com/@entretramites/video/7644200517874322696;NO llenes el Modelo EX-32 sin ver esto para poder solicitar tu regularización. #regularizacion #regularizaciónya #entretramites #vivirenespaña #españa;;Julio;NO llenes el Modelo EX-32 sin ver esto para poder solicitar tu regularización. #regularizacion #regularizaciónya #entretramites #vivirenespaña #españa;27;2;7;3;1762;2026-05-26 14:02:12
28-jul;entretramites;TikTok;Video;https://www.tiktok.com/@entretramites/video/7642400657676291336;Detrás de cada proceso, cada consulta y cada cliente, hay personas que hacen que todo funcione. Y creemos que también vale la pena conocerlas. Empezamos esta serie con nuestro CEO, quien nos cuenta cuál es su rol dentro de la empresa y cómo aporta valor al equipo para construir una firma enfocada en ayudar a extranjeros, autónomos y empresas en España. Porque al final, las marcas también son personas. #entretramites #vivirenespaña #impuestosespaña #hacienda #españa;;Julio;Detrás de cada proceso, cada consulta y cada cliente, hay personas que hacen que todo funcione. Y creemos que también vale la pena conocerlas. Empezamos esta serie con nuestro CEO, quien nos cuenta cuál es su rol dentro de la empresa y cómo aporta valor al equipo para construir una firma enfocada en ayudar a extranjeros, autónomos y empresas en España. Porque al final, las marcas también son personas. #entretramites #vivirenespaña #impuestosespaña #hacienda #españa;6;0;0;0;826;2026-05-21 17:37:51
28-jul;entretramites;TikTok;Video;https://www.tiktok.com/@entretramites/video/7641681745376513287;La Audiencia Nacional ha ordenado devolverle esa millonada porque su defensa demostró que en 2011 sus giras eran internacionales y no cumplía los requisitos de residencia fiscal en España. Pero ojo: no necesitas ser una estrella del pop para estar en el radar. Si eres extranjero, manejas contratos civiles globales o estás con la gestión de autónomos, la Agencia Tributaria mirará con lupa tus días en el país para exigirte impuestos en España. Un error de planificación y el drama (financiero) está asegurado. 💔 ¡Evita multas y recupera tu paz mental! 🚀 Haz clic en el enlace de nuestra biografía y asegura tu consulta gratuita hoy mismo con el equipo de Entre Trámites. ¡Nosotros nos encargamos del papeleo por ti! #Shakira #Hacienda #IRPF #Renta #EntreTramites;;Julio;La Audiencia Nacional ha ordenado devolverle esa millonada porque su defensa demostró que en 2011 sus giras eran internacionales y no cumplía los requisitos de residencia fiscal en España. Pero ojo: no necesitas ser una estrella del pop para estar en el radar. Si eres extranjero, manejas contratos civiles globales o estás con la gestión de autónomos, la Agencia Tributaria mirará con lupa tus días en el país para exigirte impuestos en España. Un error de planificación y el drama (financiero) está asegurado. 💔 ¡Evita multas y recupera tu paz mental! 🚀 Haz clic en el enlace de nuestra biografía y asegura tu consulta gratuita hoy mismo con el equipo de Entre Trámites. ¡Nosotros nos encargamos del papeleo por ti! #Shakira #Hacienda #IRPF #Renta #EntreTramites;135;0;9;6;5590;2026-05-19 19:08:09
28-jul;entretramites;TikTok;Video;https://www.tiktok.com/@entretramites/video/7640123518880861460;"Tu cara cuando el cotilleo está buenísimo, pero solo entendiste el ""¡Tía!"". Emigrar es un reto, y entender el acento local es el nivel experto. Pero no te preocupes: para entender tus trámites de extranjería, impuestos o el alta de autónomo, ya estamos nosotros. ¿Dudas legales? Haz clic en el link de la bio y reserva tu consulta gratuita. 🔗 #NIE #TIE #EntreTramites #Renta #IRPF";;Julio;"Tu cara cuando el cotilleo está buenísimo, pero solo entendiste el ""¡Tía!"". Emigrar es un reto, y entender el acento local es el nivel experto. Pero no te preocupes: para entender tus trámites de extranjería, impuestos o el alta de autónomo, ya estamos nosotros. ¿Dudas legales? Haz clic en el link de la bio y reserva tu consulta gratuita. 🔗 #NIE #TIE #EntreTramites #Renta #IRPF";7;0;1;1;975;2026-05-16 17:15:00
28-jul;entretramites;TikTok;Video;https://www.tiktok.com/@entretramites/video/7639806964494552327;La Ley Beckham no es para todo el mundo. Y aplicarla mal puede salirte más caro que no aplicarla. 🎯 Los errores más comunes que vemos 👇 ⏰ Dejar pasar el plazo. Sin excepciones. 📋 Darte de alta como autónomo cuando debías ir como empleado. 🌍 Asumir que por trabajar para empresa extranjera ya puedes aplicar. 🏠 Haber sido residente fiscal en España antes de estructurar tu entrada. En este tema, los detalles lo son todo. Analizamos tu caso gratis antes de que tomes una decisión sin vuelta atrás. Agenda tu consulta. Link en la bio. #LeyBeckham #ImpuestosEnEspaña #ResidenciaFiscal #NómadaDigital #EntreTramites ;;Julio;La Ley Beckham no es para todo el mundo. Y aplicarla mal puede salirte más caro que no aplicarla. 🎯 Los errores más comunes que vemos 👇 ⏰ Dejar pasar el plazo. Sin excepciones. 📋 Darte de alta como autónomo cuando debías ir como empleado. 🌍 Asumir que por trabajar para empresa extranjera ya puedes aplicar. 🏠 Haber sido residente fiscal en España antes de estructurar tu entrada. En este tema, los detalles lo son todo. Analizamos tu caso gratis antes de que tomes una decisión sin vuelta atrás. Agenda tu consulta. Link en la bio. #LeyBeckham #ImpuestosEnEspaña #ResidenciaFiscal #NómadaDigital #EntreTramites ;8;0;0;0;952;2026-05-14 17:52:56
28-jul;entretramites;TikTok;Video;https://www.tiktok.com/@entretramites/video/7639046469730733320;Si eres autónomo, extranjero o residente y no quieres líos con la Agencia Tributaria, nosotros hacemos los cálculos por ti. Evita sanciones y asegúrate de aplicar todas las deducciones fiscales a las que tienes derecho. ✨ ¡Asegura tu tranquilidad! Haz clic en el enlace de nuestra biografía y reserva tu consulta gratuita. 📲 ✅ Guarda este post y compártelo con quien tiene que declarar. #IRPF #DeclaracionDeLaRenta #impuestosespaña #entretramites #Hacienda;;Julio;Si eres autónomo, extranjero o residente y no quieres líos con la Agencia Tributaria, nosotros hacemos los cálculos por ti. Evita sanciones y asegúrate de aplicar todas las deducciones fiscales a las que tienes derecho. ✨ ¡Asegura tu tranquilidad! Haz clic en el enlace de nuestra biografía y reserva tu consulta gratuita. 📲 ✅ Guarda este post y compártelo con quien tiene que declarar. #IRPF #DeclaracionDeLaRenta #impuestosespaña #entretramites #Hacienda;10;0;0;0;954;2026-05-12 16:41:50
28-jul;entretramites;TikTok;Video;https://www.tiktok.com/@entretramites/video/7637921497205525778;¿Vives en España y has recibido una herencia en el extranjero? No dejes que Hacienda o el banco conviertan tu dinero en un problema legal. Para evitar multas y bloqueos, debes dominar tres claves: 1️⃣ Residencia fiscal: ¿Dónde te toca tributar? 2️⃣ Impuesto de Sucesiones (ISD): Tienes solo 6 meses. 3️⃣ Modelo 720: Obligatorio si superas los 50.000 €. En Entre Trámites somos expertos en fiscalidad internacional y extranjería. Hacemos que la legalización de tu patrimonio sea sencilla y segura. 🛡️ 👉 ¿Dudas con los trámites? Reserva tu CONSULTA GRATUITA en el link de nuestra bio. 🔗 #HerenciaEspaña #Modelo720 #ImpuestosEspaña #EntreTrámites #Hacienda;;Julio;¿Vives en España y has recibido una herencia en el extranjero? No dejes que Hacienda o el banco conviertan tu dinero en un problema legal. Para evitar multas y bloqueos, debes dominar tres claves: 1️⃣ Residencia fiscal: ¿Dónde te toca tributar? 2️⃣ Impuesto de Sucesiones (ISD): Tienes solo 6 meses. 3️⃣ Modelo 720: Obligatorio si superas los 50.000 €. En Entre Trámites somos expertos en fiscalidad internacional y extranjería. Hacemos que la legalización de tu patrimonio sea sencilla y segura. 🛡️ 👉 ¿Dudas con los trámites? Reserva tu CONSULTA GRATUITA en el link de nuestra bio. 🔗 #HerenciaEspaña #Modelo720 #ImpuestosEspaña #EntreTrámites #Hacienda;5;0;2;1;1565;2026-05-09 15:56:26
28-jul;entretramites;TikTok;Video;https://www.tiktok.com/@entretramites/video/7636483205394156808;"Sin papeles en España? El riesgo es más alto de lo que crees Vivir en situación irregular no es solo un trámite pendiente; es vivir con el freno de mano puesto. 🚫 Estar en irregularidad administrativa en España significa: Vulnerabilidad laboral: Sin un contrato legal, tus derechos no existen. Cero cotización: El tiempo pasa, pero no cuenta para tu jubilación o paro. Inseguridad jurídica: El riesgo de una sanción o proceso de expulsión siempre está latente. ⚠️ ¡Pero hay una luz al final del túnel! La nueva regularización masiva es una oportunidad única y con fecha de caducidad. No dejes que el miedo te paralice; lo que hoy parece un muro, con la asesoría correcta puede ser tu puerta de entrada a la estabilidad. Si quieres saber si cumples los requisitos para este proceso, tienes una consulta gratuita esperándote en el enlace de nuestra biografía. 🔗 ¿Conoces a alguien en esta situación? Comparte esta información hoy mismo. ✈️ #regularizacion #regularizaciónya #entretramites #extranjerosenespaña #extranjería";;Julio;"Sin papeles en España? El riesgo es más alto de lo que crees Vivir en situación irregular no es solo un trámite pendiente; es vivir con el freno de mano puesto. 🚫 Estar en irregularidad administrativa en España significa: Vulnerabilidad laboral: Sin un contrato legal, tus derechos no existen. Cero cotización: El tiempo pasa, pero no cuenta para tu jubilación o paro. Inseguridad jurídica: El riesgo de una sanción o proceso de expulsión siempre está latente. ⚠️ ¡Pero hay una luz al final del túnel! La nueva regularización masiva es una oportunidad única y con fecha de caducidad. No dejes que el miedo te paralice; lo que hoy parece un muro, con la asesoría correcta puede ser tu puerta de entrada a la estabilidad. Si quieres saber si cumples los requisitos para este proceso, tienes una consulta gratuita esperándote en el enlace de nuestra biografía. 🔗 ¿Conoces a alguien en esta situación? Comparte esta información hoy mismo. ✈️ #regularizacion #regularizaciónya #entretramites #extranjerosenespaña #extranjería";34;0;4;3;1940;2026-05-05 18:55:07
28-jul;entretramites;TikTok;Video;https://www.tiktok.com/@entretramites/video/7634655255887695125;"Del ""Pendiente"" al ""Favorable"" hay un solo hechizo: el de la regularización. ✨ ¡Por fin libre de la burocracia y los abusos! 🔗 ¿Quieres tu libertad? Pide tu consulta gratuita en el link de la bio. #regularizacion #regularizaciónya #entretramites #vivirenespaña #residenciaespaña";;Julio;"Del ""Pendiente"" al ""Favorable"" hay un solo hechizo: el de la regularización. ✨ ¡Por fin libre de la burocracia y los abusos! 🔗 ¿Quieres tu libertad? Pide tu consulta gratuita en el link de la bio. #regularizacion #regularizaciónya #entretramites #vivirenespaña #residenciaespaña";19;0;2;11;1225;2026-05-02 20:05:00
28-jul;entretramites;TikTok;Video;https://www.tiktok.com/@entretramites/video/7634585611122347282;¿Frustrado por no saber cuál es tu vía legal para España?  El camino parece un laberinto, pero la realidad es que hay 10 rutas principales y no todas encajan contigo. Desde la visa PAC hasta la Visa de Nómada Digital, elegir mal puede costarte tiempo y dinero. No te la juegues con procesos colapsados o visados que no te permiten trabajar si lo que buscas es estabilidad. En Entre Trámites te ayudamos a identificar tu perfil exacto para que tu residencia sea un éxito. 🚀 👉 ¡Asegura tu futuro! Reserva tu CONSULTA GRATUITA en el link de nuestra biografía. #entretramites #vivirenespaña #residenciaespaña #visaespaña #regularizacion;;Julio;¿Frustrado por no saber cuál es tu vía legal para España?  El camino parece un laberinto, pero la realidad es que hay 10 rutas principales y no todas encajan contigo. Desde la visa PAC hasta la Visa de Nómada Digital, elegir mal puede costarte tiempo y dinero. No te la juegues con procesos colapsados o visados que no te permiten trabajar si lo que buscas es estabilidad. En Entre Trámites te ayudamos a identificar tu perfil exacto para que tu residencia sea un éxito. 🚀 👉 ¡Asegura tu futuro! Reserva tu CONSULTA GRATUITA en el link de nuestra biografía. #entretramites #vivirenespaña #residenciaespaña #visaespaña #regularizacion;13;0;2;1;1077;2026-04-30 16:11:27
28-jul;entretramites;TikTok;Video;https://www.tiktok.com/@entretramites/video/7633893803090283783;"¿Confirmar el borrador a la primera? Cuidado: podrías estar regalando dinero. 💸 El 70% de los borradores no incluyen todas las deducciones a las que tienes derecho. Desde el alquiler hasta los gastos escolares, Hacienda no siempre ""recuerda"" lo que te beneficia a ti. 🧐 No te la juegues con tu Declaración de la Renta. Evita errores, evita sanciones y, sobre todo, asegúrate de que tu dinero se quede en tu bolsillo. 👉 ¡No pierdas ni un euro! Haz clic en el LINK DE NUESTRA BIO y reserva ya tu CONSULTA GRATUITA. Nosotros revisamos cada detalle por ti. 🚀 #DeclaracionDeLaRenta #Hacienda #AhorroFiscal #Renta #IRPF ";;Julio;"¿Confirmar el borrador a la primera? Cuidado: podrías estar regalando dinero. 💸 El 70% de los borradores no incluyen todas las deducciones a las que tienes derecho. Desde el alquiler hasta los gastos escolares, Hacienda no siempre ""recuerda"" lo que te beneficia a ti. 🧐 No te la juegues con tu Declaración de la Renta. Evita errores, evita sanciones y, sobre todo, asegúrate de que tu dinero se quede en tu bolsillo. 👉 ¡No pierdas ni un euro! Haz clic en el LINK DE NUESTRA BIO y reserva ya tu CONSULTA GRATUITA. Nosotros revisamos cada detalle por ti. 🚀 #DeclaracionDeLaRenta #Hacienda #AhorroFiscal #Renta #IRPF ";7;0;0;0;988;2026-04-28 19:26:54
28-jul;entretramites;TikTok;Video;https://www.tiktok.com/@entretramites/video/7632019722506226962;En la Regularización 2026, muchos solicitantes pueden ahorrarse este trámite. Conocer tu vía de exención es clave para no perder tiempo en procesos innecesarios: ✅ Vía Asilo: Si lo pediste antes de 2026 (en trámite, denegado o recurso). ✅ Vía Familiar: Si convives con hijos menores o padres. ✅ Vía Laboral: Con vida laboral, oferta de empleo o proyecto de autónomo. Optimiza tu expediente y evita que tu trámite se detenga por falta de información clara. ⏳ 📲 ¡Comprueba tu caso ahora! Haz el Test de Elegibilidad en el link de nuestra bio y asegura tu consulta gratuita con un especialista. 🇪🇸 #regularización #regularizaciónya #regularizacióndeextranjeros #extranjerosenespaña #extranjería;;Julio;En la Regularización 2026, muchos solicitantes pueden ahorrarse este trámite. Conocer tu vía de exención es clave para no perder tiempo en procesos innecesarios: ✅ Vía Asilo: Si lo pediste antes de 2026 (en trámite, denegado o recurso). ✅ Vía Familiar: Si convives con hijos menores o padres. ✅ Vía Laboral: Con vida laboral, oferta de empleo o proyecto de autónomo. Optimiza tu expediente y evita que tu trámite se detenga por falta de información clara. ⏳ 📲 ¡Comprueba tu caso ahora! Haz el Test de Elegibilidad en el link de nuestra bio y asegura tu consulta gratuita con un especialista. 🇪🇸 #regularización #regularizaciónya #regularizacióndeextranjeros #extranjerosenespaña #extranjería;5;0;1;1;999;2026-04-23 18:14:30
28-jul;entretramites;TikTok;Video;https://www.tiktok.com/@entretramites/video/7631284627344215303;"⚠️ ¿Te vas a quedar fuera de la Regularización 2026? Muchos creen que cumplen los requisitos, pero un pequeño detalle documental está dejando a miles de personas en la ""zona de muerte"" legal. 🚫 No te arriesgues a ciegas: ¿Tienes pruebas de estancia más allá del padrón? ¿Sabes si la vía extraordinaria es realmente la mejor para ti? ¿Conoces el límite de días para no perder la continuidad? Un error hoy son años de espera mañana. No adivines con tu futuro. ⏳ 👇 TOMA ACCIÓN AHORA: Hemos creado un Test de Elegibilidad Gratuito para que sepas si calificas en menos de 1 minuto. 🔗 Haz el test en el link de la biografía y agenda una consulta gratis. #regularización #regularizaciónya #regularizacióndeextranjeros #extranjerosenespaña #extranjería";;Julio;"⚠️ ¿Te vas a quedar fuera de la Regularización 2026? Muchos creen que cumplen los requisitos, pero un pequeño detalle documental está dejando a miles de personas en la ""zona de muerte"" legal. 🚫 No te arriesgues a ciegas: ¿Tienes pruebas de estancia más allá del padrón? ¿Sabes si la vía extraordinaria es realmente la mejor para ti? ¿Conoces el límite de días para no perder la continuidad? Un error hoy son años de espera mañana. No adivines con tu futuro. ⏳ 👇 TOMA ACCIÓN AHORA: Hemos creado un Test de Elegibilidad Gratuito para que sepas si calificas en menos de 1 minuto. 🔗 Haz el test en el link de la biografía y agenda una consulta gratis. #regularización #regularizaciónya #regularizacióndeextranjeros #extranjerosenespaña #extranjería";3;0;1;0;1158;2026-04-21 18:41:59
28-jul;entretramites;TikTok;Video;https://www.tiktok.com/@entretramites/video/7630489654302641426;Ya los clientes no nos sorprenden. #entretramites #Humor #regularizacion #fy #España;;Julio;Ya los clientes no nos sorprenden. #entretramites #Humor #regularizacion #fy #España;21;0;0;4;1063;2026-04-19 15:17:00
28-jul;entretramites;TikTok;Video;https://www.tiktok.com/@entretramites/video/7629063442388798727;🚨 ¡NOTICIA DE ÚLTIMA HORA: BOE DE HOY! Se acaba de publicar oficialmente el documento de la Regularización Extraordinaria. Si estás en situación irregular y no has solicitado asilo, esta es tu oportunidad de conseguir la residencia.¿Cuáles son los requisitos clave? Haber llegado a España antes del 1 de enero de 2026. Estar por 5 meses ininterrumpidos en España al momento de la solicitud. Cumplir una de estas tres condiciones: Trabajo: Demostrar que se trabaja en España o tener una oferta de al menos 90 días o emprender como autónomo (ojo: la declaración responsable te obliga a darte de alta). Familia: Tener hijos menores o ascendientes a cargo. Vulnerabilidad: Situación acreditada por servicios sociales o entidades del Tercer Sector autorizadas. Tienes solo hasta el 30 de junio de 2026 para presentar tu solicitud.  Haz clic en el link de nuestra biografía y completa el Test de Elegibilidad gratuito en 1 minuto. #ArraigoExtraordinario #Regularización2026 #BOE #ExtranjeríaEspaña #Vulnerabilidad;;Julio;🚨 ¡NOTICIA DE ÚLTIMA HORA: BOE DE HOY! Se acaba de publicar oficialmente el documento de la Regularización Extraordinaria. Si estás en situación irregular y no has solicitado asilo, esta es tu oportunidad de conseguir la residencia.¿Cuáles son los requisitos clave? Haber llegado a España antes del 1 de enero de 2026. Estar por 5 meses ininterrumpidos en España al momento de la solicitud. Cumplir una de estas tres condiciones: Trabajo: Demostrar que se trabaja en España o tener una oferta de al menos 90 días o emprender como autónomo (ojo: la declaración responsable te obliga a darte de alta). Familia: Tener hijos menores o ascendientes a cargo. Vulnerabilidad: Situación acreditada por servicios sociales o entidades del Tercer Sector autorizadas. Tienes solo hasta el 30 de junio de 2026 para presentar tu solicitud.  Haz clic en el link de nuestra biografía y completa el Test de Elegibilidad gratuito en 1 minuto. #ArraigoExtraordinario #Regularización2026 #BOE #ExtranjeríaEspaña #Vulnerabilidad;21;4;2;2;1535;2026-04-15 19:02:38
28-jul;entretramites;TikTok;Video;https://www.tiktok.com/@entretramites/video/7628628940453580039;"¡HISTÓRICO! Aprobada la regularización extraordinaria de extranjeros. El Consejo de Ministros ha dado luz verde a la reforma del Reglamento de Extranjería. Si estabas en España antes del 1 de enero de 2026, esta es tu oportunidad de conseguir la residencia. Lo que debes saber: Plazo máximo: Tienes hasta el 30 de junio de 2026 para presentar tu solicitud. Resolución rápida: La administración se compromete a resolver los expedientes en un máximo de 3 meses. Planificación vital: El éxito depende de una documentación impecable; recuerda que los certificados de antecedentes penales deben ser oficiales de tu país de origen. No improvises con tu futuro. Una solicitud bien planificada es la clave para vivir con tranquilidad en España. 🔗 Haz clic en el link de la bio para evaluar tu caso o envíame un mensaje directo hoy mismo. #regularización #regularizaciónya #regularizacióndeextranjeros #extranjerosenespaña #extranjería";;Julio;"¡HISTÓRICO! Aprobada la regularización extraordinaria de extranjeros. El Consejo de Ministros ha dado luz verde a la reforma del Reglamento de Extranjería. Si estabas en España antes del 1 de enero de 2026, esta es tu oportunidad de conseguir la residencia. Lo que debes saber: Plazo máximo: Tienes hasta el 30 de junio de 2026 para presentar tu solicitud. Resolución rápida: La administración se compromete a resolver los expedientes en un máximo de 3 meses. Planificación vital: El éxito depende de una documentación impecable; recuerda que los certificados de antecedentes penales deben ser oficiales de tu país de origen. No improvises con tu futuro. Una solicitud bien planificada es la clave para vivir con tranquilidad en España. 🔗 Haz clic en el link de la bio para evaluar tu caso o envíame un mensaje directo hoy mismo. #regularización #regularizaciónya #regularizacióndeextranjeros #extranjerosenespaña #extranjería";22;3;4;3;1073;2026-04-14 14:56:30
