Dia;Cuenta;Red Social;Tipo de publicacion;Enlace;Comentario;Tema principal;Mes
20-ago;espanaabogados;Instagram;Reel;https://www.instagram.com/espanaabogados/reel/DcRCYbTCL45/;si es TSU ?;;Agosto
19-ago;espanaabogados;Instagram;Reel;https://www.instagram.com/espanaabogados/reel/DcOderBD_0T/;Información?;;Agosto
19-ago;espanaabogados;Instagram;Reel;https://www.instagram.com/espanaabogados/reel/DcOderBD_0T/;Lo qué pasa es que a los Venezolanos desde que estamos chiquitos nos llenan la cabeza de que Estados Unidos es el mejor país en la bolita del mundo para vivir y terminamos metiendo la pata, mi familia y yo nos equivocamos por lo mismo y ahora mi esposo y yo hablamos y no nos explicamos porque nunca vimos a España como la primera opción para migrar, tenemos 10 años perdidos en USA, tenemos mucho que agradecerle a este país porque nos refugio durante todo este tiempo, pero la edad que tenemos este país no funciona para envejecer. Ahora queremos irnos a España lo más pronto posible para ver si recuperamos algo de tiempo que nos quede y aportar algo a la sociedad en España sobre nuestra profesión..;;Agosto
19-ago;espanaabogados;Instagram;Reel;https://www.instagram.com/espanaabogados/reel/DcOderBD_0T/;@risolmariaperez Gracias por compartir vuestra historia. ❤️ Cada proceso migratorio es diferente y esperamos que esta nueva etapa en España sea muy positiva para vosotros. También te hemos enviado información por DM. 😊;;Agosto
19-ago;espanaabogados;Instagram;Reel;https://www.instagram.com/espanaabogados/reel/DcOderBD_0T/;cada quien que haga lo que quiera;;Agosto
19-ago;espanaabogados;Instagram;Reel;https://www.instagram.com/espanaabogados/reel/DcOderBD_0T/;Dr. Félix, saludos!! Pues si, España sigue siendo uno de los mejores países para migrar a pesar de todo lo que atraviesa, yo veo mucha gente que está aquí radicado ya hace años, que le quitan la voluntad y la iniciativa a otros de venir a radicarse, estudiar y salir adelante, les dicen que no hay trabajo, que esto está perdido.. y te juro que yo tengo ya 2 años y gracias a Dios nunca me ha faltado trabajo, sin papeles y con papeles, incluso tengo un grupo de WhatsApp donde se canalizan empleos y ayuda a las personas a encontrar empleo. Lo que pasa es que a veces la misma gente de uno, te quiere j0d3r, por eso uno prefiere estar solito caminando por la acera. 🤫;;Agosto
18-ago;espanaabogados;Instagram;Reel;https://www.instagram.com/espanaabogados/reel/DcMlxfMjU6b/;Hola. Como es el proceso para obtener la residencia después del visado de estudios;;Agosto
18-ago;espanaabogados;Instagram;Reel;https://www.instagram.com/espanaabogados/reel/DcMlxfMjU6b/;La claridad en sus comentarios reflejan un entendimiento de gran valor , el ser honesto en estos tiempos dignifica mucho a quien busca hacer las cosas bien .;;Agosto
18-ago;espanaabogados;Instagram;Reel;https://www.instagram.com/espanaabogados/reel/DcMlxfMjU6b/;@josepaz1970 ¡Muchísimas gracias por tus palabras! 🙌 Ese es justamente nuestro objetivo: informar con claridad y honestidad para que puedan tomar buenas decisiones. ❤️;;Agosto
18-ago;espanaabogados;Instagram;Reel;https://www.instagram.com/espanaabogados/reel/DcMlxfMjU6b/;@tomate26946 ¡Hola, Damelys! 🇻🇪 Te enviamos información por DM para que puedas conocer las opciones para venir a España.;;Agosto
18-ago;espanaabogados;Instagram;Reel;https://www.instagram.com/espanaabogados/reel/DcMlxfMjU6b/;@espanaabogados SI VALE ERES SÚPER PRECISO Y ESO ES LO QUE QUEREMOS ' COMO ME PUEDO COMUNICAR CON TU DESPACHÓ?;;Agosto
18-ago;espanaabogados;Instagram;Reel;https://www.instagram.com/espanaabogados/reel/DcMlxfMjU6b/;Buenas tarde, Cuantos meses tengo que trabajar para el proceso de la regularización;;Agosto
18-ago;espanaabogados;Instagram;Reel;https://www.instagram.com/espanaabogados/reel/DcMlxfMjU6b/;Hola Felix la primera cita con usted es gratuita????????;;Agosto
18-ago;espanaabogados;Instagram;Reel;https://www.instagram.com/espanaabogados/reel/DcMlxfMjU6b/;Si hice regularización y ya me admitieron cuánto tiempo pasa para recibir la residencia;;Agosto
18-ago;espanaabogados;Instagram;Reel;https://www.instagram.com/espanaabogados/reel/DcMlxfMjU6b/;Hola como hago para empezar la modificación estoy en españa y necesito modificar por favor me ayuda;;Agosto
18-ago;espanaabogados;Instagram;Reel;https://www.instagram.com/espanaabogados/reel/DcMlxfMjU6b/;@leilangineth ¡Hola! Para iniciar una modificación primero hay que revisar qué autorización tienes y a cuál puedes modificar. Te enviamos información por DM.;;Agosto
18-ago;espanaabogados;Instagram;Reel;https://www.instagram.com/espanaabogados/reel/DcMlxfMjU6b/;Somos Venezolanos, siempre hemos vivido en Venezuela y viajaremos a España para a solicitar mi residencia de cónyuge de español. Mi esposo tiene DNI con residencia en Venezuela. El es Corredor de Seguros y trabajará remoto. El asunto es que no desea pagar impuestos globales al tener que pasar más de 180 en España. Tampoco se puede regresar porque entiendo que afectaría mi expediente. Hay alguna fórmula migratoria para él, para evitar pagar impuestos globales?. Nuestra intención una vez obtenida la nacionalidad, es regresarnos a Venezuela.;;Agosto
18-ago;espanaabogados;Instagram;Reel;https://www.instagram.com/espanaabogados/reel/DcMlxfMjU6b/;@normitarubio ¡Hola! En vuestro caso hay aspectos migratorios y fiscales que conviene revisar antes de tomar una decisión. Te enviamos información por DM para que podáis valorar vuestro caso.;;Agosto
18-ago;espanaabogados;Instagram;Reel;https://www.instagram.com/espanaabogados/reel/DcMlxfMjU6b/;Te acomodaste la corbata o son vainas mias ? 😂😂😂;;Agosto
18-ago;espanaabogados;Instagram;Reel;https://www.instagram.com/espanaabogados/reel/DcMlxfMjU6b/;@jimenezhilda Actualmente la edad es de 80 años, si es menos debe acreditar que esta a cargo!;;Agosto
18-ago;espanaabogados;Instagram;Reel;https://www.instagram.com/espanaabogados/reel/DcMOS3GAhqw/;Cuánto cuesta una asesoría por teléfono? Gracias;;Agosto
17-ago;espanaabogados;Instagram;Reel;https://www.instagram.com/espanaabogados/reel/DcJYagIjebR/;Como se logra encontrar cita para la TIE?!!!!;;Agosto
17-ago;espanaabogados;Instagram;Reel;https://www.instagram.com/espanaabogados/reel/DcJYagIjebR/;Hola cómo puedo obtener la asesoría?;;Agosto
17-ago;espanaabogados;Instagram;Reel;https://www.instagram.com/espanaabogados/reel/DcJYagIjebR/;Cómo es la Residencia de emprendimiento?. Soy ingeniero Electrónico;;Agosto
17-ago;espanaabogados;Instagram;Reel;https://www.instagram.com/espanaabogados/reel/DcJYagIjebR/;Abogado puede hablar también del tema monetario, como emigrar con los ahorros también;;Agosto
17-ago;espanaabogados;Instagram;Reel;https://www.instagram.com/espanaabogados/reel/DcJYagIjebR/;Se puede emigrar a España desde Estados Unidos con el pasaporte vencido ?;;Agosto
17-ago;espanaabogados;Instagram;Reel;https://www.instagram.com/espanaabogados/reel/DcJYagIjebR/;@stefanialvarad_ ¡Hola! 😊 Claro, te enviamos por DM la información para que podamos orientarte.;;Agosto
17-ago;espanaabogados;Instagram;Reel;https://www.instagram.com/espanaabogados/reel/DcJYagIjebR/;@lismaria16 Gracias por comentarlo! Lo revisaremos para que en los próximos vídeos se escuche mejor. 😊;;Agosto
17-ago;espanaabogados;Instagram;Reel;https://www.instagram.com/espanaabogados/reel/DcJYagIjebR/;Gracias por esta información ! una residencia no lucrativa, permitiría al residente comprar un inmueble y luego alquilarlo?;;Agosto
17-ago;espanaabogados;Instagram;Reel;https://www.instagram.com/espanaabogados/reel/DcJYagIjebR/;@robertsuarezd ¡Claro! La residencia para nómadas digitales puede ser una opción para quienes trabajan a distancia para empresas del extranjero. Te enviamos más información por DM. 😊;;Agosto
17-ago;espanaabogados;Instagram;Reel;https://www.instagram.com/espanaabogados/reel/DcJYagIjebR/;Tienes asesoria ademas de legal, asesoria fiscal e impositiva?;;Agosto
17-ago;espanaabogados;Instagram;Reel;https://www.instagram.com/espanaabogados/reel/DcJYagIjebR/;Abogado! Me interesa conocer el procediento para solicitar estancia por estudios cuando usted cree que realizará el webinar?;;Agosto
17-ago;espanaabogados;Instagram;Reel;https://www.instagram.com/espanaabogados/reel/DcJYagIjebR/;@mcmendeza ¡Hola! 😊 Estamos preparando nuevos contenidos sobre estancia por estudios. Mientras tanto, te enviamos por DM la información para que puedas resolver tu caso en una asesoría.;;Agosto
16-ago;espanaabogados;Instagram;Reel;https://www.instagram.com/espanaabogados/reel/DcG2DC_j6n8/;En qué país? En centro América?;;Agosto
16-ago;espanaabogados;Instagram;Reel;https://www.instagram.com/espanaabogados/reel/DcG2DC_j6n8/;@narthafurlong ¡Hola! ¿A qué parte del contenido te refieres? Así podemos orientarte mejor.;;Agosto
16-ago;espanaabogados;Instagram;Reel;https://www.instagram.com/espanaabogados/reel/DcG2DC_j6n8/;Y los Islamicos entrando por miles sin papeles. Quien entiende?;;Agosto
15-ago;espanaabogados;Instagram;Reel;https://www.instagram.com/espanaabogados/reel/DcEKYBykRFB/;@espanaabogados puedes darme la direction Donde en Madrid. Gracias;;Agosto
15-ago;espanaabogados;Instagram;Reel;https://www.instagram.com/espanaabogados/reel/DcEKYBykRFB/;Buenas tardes , por favor me puedes indicar en cuanto tiempo de vigencia tiene los antecedentes de USA para España? Gracias;;Agosto
15-ago;espanaabogados;Instagram;Reel;https://www.instagram.com/espanaabogados/reel/DcEKYBykRFB/;Abogado, voy a hacerle una pregunta, espero pueda responderla. Cuanto tiempo dura la vigencia de los antecedentes penales de USA para presentarlos en España?;;Agosto
15-ago;espanaabogados;Instagram;Reel;https://www.instagram.com/espanaabogados/reel/DcEKYBykRFB/;Esos antecedentes penales no se Vencen?;;Agosto
15-ago;espanaabogados;Instagram;Reel;https://www.instagram.com/espanaabogados/reel/DcEKYBykRFB/;Ya estoy en Venezuela y no hice ese paso. Me quiero ir a España como haría?;;Agosto
15-ago;espanaabogados;Instagram;Reel;https://www.instagram.com/espanaabogados/reel/DcEKYBykRFB/;Dónde puedo solicitar antecedentes penales en USA?;;Agosto
15-ago;espanaabogados;Instagram;Reel;https://www.instagram.com/espanaabogados/reel/DcEKYBykRFB/;@fpadron00 donde estas ubicado?;;Agosto
15-ago;espanaabogados;Instagram;Reel;https://www.instagram.com/espanaabogados/reel/DcEKYBykRFB/;Abogado, puedo dejar un poder para que retiren esos antecedentes penales en estados unidos , si estoy en Venezuela?;;Agosto
15-ago;espanaabogados;Instagram;Reel;https://www.instagram.com/espanaabogados/reel/DcEKYBykRFB/;Las Apostillas vencen ? Venezuela españa ?;;Agosto
15-ago;espanaabogados;Instagram;Reel;https://www.instagram.com/espanaabogados/reel/DcEKYBykRFB/;@espanaabogados es decir ejemplo puedo apostillar antecedentes o acta nacimientos he introducir los documentos en diciembre? Muchas gracias;;Agosto
