Id;URL;image;title;date;Views (organic);Views (Paid);Reach (Organic);Reach (Paid);Likes (Organic);Saved (Organic);Comments (Organic);Shares (Organic);Interactions (Organic);Interactions (Paid);Engagement (Organic);Posts clicks (Paid);Spend;Avg Watch Time (Organic);Duration (seconds);% Retention;Video View Total Time (Organic);% View rate (+3 secs);Reposts;Duracion
3970138485763789472_39271098445;https://www.instagram.com/reel/DcYw-sJDtKg/;https://scontent-lhr6-1.cdninstagram.com/v/t51.71878-15/784979912_1334415502099013_6043001604928731893_n.jpg?stp=dst-jpg_e35_tt6&_nc_cat=108&ccb=7-5&_nc_sid=18de74&efg=eyJlZmdfdGFnIjoiQ0xJUFMuYmVzdF9pbWFnZV91cmxnZW4uQzMifQ%3D%3D&_nc_ohc=RxQJzWUojPIQ7kNvwEd9xzG&_nc_oc=AdoG8WC9-e8M0WvX2ddHAKYRkfuYJJrfd0ah3pQ2bczfFDcOYPgaz05NpIXbdduIszw&_nc_zt=23&_nc_ht=scontent-lhr6-1.cdninstagram.com&edm=AM6HXa8EAAAA&_nc_gid=PVY5M9ONZQPjJTOypQUl8A&_nc_tpa=Q5bMBQLrAaI_lEJ_gmok5amFbtXZ8TltchVMySiyibjfhyHpSAgRAk-Qin1H7U5qiNtt32wK6wPsKt2m&oh=00_AQEXi2IQ0AQRPPuBkErV5ZafkPYZFTz2WwQoiF2OQvCVvw&oe=6A935FF9;Algunos cuando se empapelan.#residenciaespaña #España #Migrantes #Extranjeria #EntreTramites;2026-08-23 10:04;321;;235;;7;;;6;13;;55.32;;;5176;;;1237214;52.3;;0:13
3967334292019708221_39271098445;https://www.instagram.com/reel/DcOzYTND4E9/;https://scontent-lhr11-1.cdninstagram.com/v/t51.82787-15/779624506_18122430650306446_1446331195116602580_n.jpg?stp=dst-jpg_e35_tt6&_nc_cat=104&ccb=7-5&_nc_sid=18de74&efg=eyJlZmdfdGFnIjoiQ0xJUFMuYmVzdF9pbWFnZV91cmxnZW4uQzMifQ%3D%3D&_nc_ohc=5Fuvs_Wbp1gQ7kNvwHZJRWf&_nc_oc=AdqR-ZqKvaAQoQ_0mOIAcxny8yq3jHDgkmNjrvAbkA4fVF0P8AKEBbvcFAFKiBqrxYI&_nc_zt=23&_nc_ht=scontent-lhr11-1.cdninstagram.com&edm=AM6HXa8EAAAA&_nc_gid=PVY5M9ONZQPjJTOypQUl8A&_nc_tpa=Q5bMBQJCdP0elv0c1-1IAuCc89E121b-pcd2HZKkQ-79vkpfb1hx-g615Z2bqyKyaNiQQZSZJOHyIB8P&oh=00_AQGhCpA5tyI2ivfV4iOu-w9wFfFQ2_SqUyc3ldnLkf0JbA&oe=6A937357;Evita pagar impuestos dos veces.Gracias a los convenios de doble tributación, no tienes que tributar al 100% en dos países por tus salarios, inversiones o dividendos.💡 Si no sabes cuál convenio te aplica o cómo declarar tus rentas extranjeras, no te compliques: reserva tu consulta gratuita en el link de nuestra bio y lo revisamos juntos. 📲Ojo: tener convenio NO te exime de declarar tu residencia fiscal. Solo asegura que no pierdas miles de euros en el camino.💾 Guarda este post para tu próxima declaración o reenvíaselo a ese amigo que trabaja en remoto. #DobleTributacion #ResidenciaFiscal #NomadaDigital #AutonomosEspaña #EntreTramites;2026-08-19 13:12;505;;217;;16;;2;2;20;;92.17;;;27153;;;6326696;32.3;;1:20
3963769012422345815_39271098445;https://www.instagram.com/reel/DcCIup1IoRX/;https://scontent-lhr11-1.cdninstagram.com/v/t51.82787-15/773555953_18121719494306446_6586977965910439479_n.jpg?stp=dst-jpg_e35_tt6&_nc_cat=111&ccb=7-5&_nc_sid=18de74&efg=eyJlZmdfdGFnIjoiQ0xJUFMuYmVzdF9pbWFnZV91cmxnZW4uQzMifQ%3D%3D&_nc_ohc=QZwI1Z0XmSAQ7kNvwG7ccK0&_nc_oc=AdrD9PIr5skKSHg5m0fJmNC0iTfqgFRLBll_ffojCH8NKz6MyIWto_Q8MVSKOtb7WSM&_nc_zt=23&_nc_ht=scontent-lhr11-1.cdninstagram.com&edm=AM6HXa8EAAAA&_nc_gid=PVY5M9ONZQPjJTOypQUl8A&_nc_tpa=Q5bMBQIbBCYDWNG48sp41ChLGHNqidE_An3-rKufwO_Fq4SUWmzX06Hb0l_Az5vXdK6OPKa8ELMoKzuo&oh=00_AQG-LxOA3nzVqiZ3YK7DrorHrLNH9sPkTJnkUEr3R-RHqA&oe=6A935AC7;🇪🇸 ¿Necesitas solicitar tu NIE en España en 2026? 🇪🇸Si vas a realizar trámites legales, financieros o administrativos en España, el NIE puede ser imprescindible. Pero ojo 👀: tener NIE no significa tener permiso de residencia ni de trabajo.Guárdalo 📲 para tenerlo a mano cuando vayas a iniciar tu trámite y compártelo con esa persona que está preparando su llegada a España 🇪🇸¿Tienes dudas sobre el NIE? Déjalas en comentarios 👇#NIE #NIEEspaña #ExtranjerosEnEspaña #VivirEnEspaña;2026-08-14 15:09;479;;308;;28;2;1;6;37;;120.13;;;14622;;;5000778;43.8;;1:25
3959327046513952378_39271098445;https://www.instagram.com/reel/DbyWvitD4Z6/;https://scontent-lhr11-1.cdninstagram.com/v/t51.71878-15/770111412_27114514258224181_3043387786584888260_n.jpg?stp=dst-jpg_e35_tt6&_nc_cat=106&ccb=7-5&_nc_sid=18de74&efg=eyJlZmdfdGFnIjoiQ0xJUFMuYmVzdF9pbWFnZV91cmxnZW4uQzMifQ%3D%3D&_nc_ohc=45kYLtGEzfIQ7kNvwFzsqyJ&_nc_oc=AdoEKSnKg8V7Hpw0yJHV3gokEr7719Iqwz4KYXxsA6U9fJOJfE2t80l8pKsu3MG7e04&_nc_zt=23&_nc_ht=scontent-lhr11-1.cdninstagram.com&edm=AM6HXa8EAAAA&_nc_gid=PVY5M9ONZQPjJTOypQUl8A&_nc_tpa=Q5bMBQIBeO0Si3Ji1X3rC2OHix137VRe0CaPkI6ABFGzW-fAJ-MtYvOGTPGzro1a89g0F1iCQRbTTY2H&oh=00_AQHh68xlnmAlWwDjMlrydDx-ZnPln-wZygHPXyg7EyN8xg&oe=6A937000;Así nos regañan algunos clientes... pero es que la burocracia está fuera de nuestro control :(#EntreTramites #Burocracia #Parati #España;2026-08-08 12:03;652;;441;;13;1;2;3;19;;43.08;;;6661;;;3024335;54.5;;0:14
3958664360221572339_39271098445;https://www.instagram.com/reel/DbwAEMAAXzz/;https://scontent-lhr6-1.cdninstagram.com/v/t51.71878-15/768925623_1767543570921618_3315138891470575675_n.jpg?stp=dst-jpg_e35_tt6&_nc_cat=102&ccb=7-5&_nc_sid=18de74&efg=eyJlZmdfdGFnIjoiQ0xJUFMuYmVzdF9pbWFnZV91cmxnZW4uQzMifQ%3D%3D&_nc_ohc=27ZAQogl-OsQ7kNvwH1eFiV&_nc_oc=Adq_jBSFF_MAqkCGAbbRldrr-kf8mrzmlBZfGhHvAvA3VaT77rGmUXieT-pri50umqA&_nc_zt=23&_nc_ht=scontent-lhr6-1.cdninstagram.com&edm=AM6HXa8EAAAA&_nc_gid=PVY5M9ONZQPjJTOypQUl8A&_nc_tpa=Q5bMBQLN5Q7BOBeKVR4lGA1Ff34GDQO1n6LtIolg4iVg3gNJXY6lJnz17QTfkgHRhznBhC5x0uRmASqi&oh=00_AQE9wRRS72BF4N-bEWrUVSXshIy7Zk4fFEsupN5gyKQjZg&oe=6A937349;¿Buscas trabajo  en España? 🇪🇸 Registrarte como demandante de empleo es el primer paso obligatorio para acceder al mercado laboral, solicitar subsidios del SEPE, hacer cursos gratuitos e iniciar trámites de extranjería.Solo necesitas tu DNI o NIE, empadronamiento actualizado y tu historial de vida laboral.📲 ¡Que no se te compliquen los trámites! Haz clic en el enlace de nuestra bio y agendar tu consulta gratuita para resolver todas tus dudas sobre visados, arraigo y residencia en España.💾 Guarda este video para tu próximo trámite y compártelo con alguien a quien le sirva.#ExtranjeriaEspaña #SEPE #TrabajarEnEspaña #TarjetaDARDE #VivirEnEspaña #EntreTramites #ArraigoLaboral;2026-08-07 14:07;430;;323;;18;1;;;19;;58.82;;;11838;;;4167180;37.1;1;1:08
3957819747404479120_39271098445;https://www.instagram.com/reel/DbtABdBEfqQ/;https://scontent-lhr11-1.cdninstagram.com/v/t51.82787-15/768528918_18120652730306446_6051065222382904936_n.jpg?stp=dst-jpg_e35_tt6&_nc_cat=110&ccb=7-5&_nc_sid=18de74&efg=eyJlZmdfdGFnIjoiQ0xJUFMuYmVzdF9pbWFnZV91cmxnZW4uQzMifQ%3D%3D&_nc_ohc=bvjG2ugB4XEQ7kNvwFTL2BU&_nc_oc=AdokhOSnUCtjumo3Jlx0igbovAKBGRTlE3d_DPO0IXBtsKDlrfka_1yKHb5PXL2M-uo&_nc_zt=23&_nc_ht=scontent-lhr11-1.cdninstagram.com&edm=AM6HXa8EAAAA&_nc_gid=PVY5M9ONZQPjJTOypQUl8A&_nc_tpa=Q5bMBQLc2BtZJdKPiCJr_gd2VKZOPM4DpoqKCmsV6TUdkHwgWoN_7X6O_eDPONWC1u7mT2iXoVXWnny8&oh=00_AQGYYCuV5F4Nit9Z0XzLBeqqdfLpkj3AVTZgnoFQ7LeAGw&oe=6A938654;En los últimos días hemos recibido mensajes de personas que creen haber contactado con Entre Trámites, cuando en realidad llegaron a otra página con un nombre muy similar.Queremos aclarar que Entre Trámites NO tiene ninguna relación con e-tramites.com ni con otras páginas de nombre similar.#EntreTrámites #AvisoImportante #TrámitesEspaña #Extranjería #España #Gestoría;2026-08-06 10:08;886;;537;;42;2;;4;48;;89.39;;;11663;;;7313233;35.2;7;0:38
3956458966868062254_39271098445;https://www.instagram.com/reel/DboKnfYlHAu/;https://scontent-lhr11-1.cdninstagram.com/v/t51.82787-15/764938023_18120514955306446_8338045103651385429_n.jpg?stp=dst-jpg_e35_tt6&_nc_cat=104&ccb=7-5&_nc_sid=18de74&efg=eyJlZmdfdGFnIjoiQ0xJUFMuYmVzdF9pbWFnZV91cmxnZW4uQzMifQ%3D%3D&_nc_ohc=ABZo-sl3Lv0Q7kNvwEbxAHc&_nc_oc=Adow3atiDa6kP0Beq8JdaL2-8NKUp7LDZEYWKpB5Wr64fQXwRG0nRgrgf1xc1NHGqJ4&_nc_zt=23&_nc_ht=scontent-lhr11-1.cdninstagram.com&edm=AM6HXa8EAAAA&_nc_gid=PVY5M9ONZQPjJTOypQUl8A&_nc_tpa=Q5bMBQKtZk62du4uvXXQ-Nw7MkT8KWrvcfIfccnoW2Wa_j1V0XGp_WCv0ODkXqi4T1E8A2HaRhXqe9OV&oh=00_AQGhcstY8Zkqhgby4mjmVvUlaZvkzhfTDitjLgBK58uV0Q&oe=6A937E15;"¿Cuánto va a tardar tu trámite? 🤔Si alguna vez has hecho esa pregunta, sabes que la respuesta casi siempre empieza con un… ""depende"".Por eso creamos el Burocrómetro 🕰️: una forma sencilla de entender, de un vistazo, los tiempos de espera aproximados de los trámites más comunes en España.🟢 Modo Exprés🟡 Modo Normal🟠 Modo Paciencia🔴 Modo Odisea⚠️ Importante: son tiempos orientativos. Cada expediente puede variar según la provincia, la carga de trabajo de la administración o si surgen requerimientos durante el proceso.A partir de ahora, verás el Burocrómetro en nuestros contenidos para que tengas una referencia realista antes de iniciar tu trámite.💬 Cuéntanos en los comentarios: ¿qué trámite estás esperando y en qué ""modo"" crees que está?Si quieres saber qué esperar en tu caso, solicita una consulta gratuita desde el link de nuestra bio.#entretramites #Burocracia #Burocrometro #España #tramitesespaña";2026-08-04 13:05;263;;172;;8;;;4;12;;69.77;;;10840;;;2135520;39.8;;1:17
3955694560358808581_39271098445;https://www.instagram.com/reel/Dblcz6WIbwF/;https://scontent-lhr6-1.cdninstagram.com/v/t51.82787-15/762866993_18120292127306446_5945299025914373701_n.jpg?stp=dst-jpg_e35_tt6&_nc_cat=102&ccb=7-5&_nc_sid=18de74&efg=eyJlZmdfdGFnIjoiQ0xJUFMuYmVzdF9pbWFnZV91cmxnZW4uQzMifQ%3D%3D&_nc_ohc=rDGbVBYsd5oQ7kNvwH9JoNg&_nc_oc=Adr_eqfpiF0c5BGiVZhuNFxe-Z3EL89x-5I_W0LcegKJWPCQjS5yhFf8fNzI9Yn7qx4&_nc_zt=23&_nc_ht=scontent-lhr6-1.cdninstagram.com&edm=AM6HXa8EAAAA&_nc_gid=PVY5M9ONZQPjJTOypQUl8A&_nc_tpa=Q5bMBQJgRDQ64EBgz8VYuyF2y6JT23wuMWOgHsyHzULqKwgROy07QBjkypmtNej4vi3iHB3qcIXk2P-7&oh=00_AQE0BoI9LO6UZpGUYbtPY4AodcaWkr3PMdK_EDfOotrk1g&oe=6A9371B6;¿Vienes a trabajar a España y no sabes si necesitas homologar tu título universitario o pedir la equivalencia académica? 🤯 Spoiler: elegir mal puede hacerte perder meses de trámite (y bastante paciencia).👉 Homologación: Necesaria si vas a ejercer una profesión regulada (medicina, arquitectura, derecho, enfermería...).👉 Equivalencia: Para carreras no reguladas (marketing, administración, comunicación...). Te valida el nivel académico para oposiciones, másters o tu currículum.El error más común es equivocar el trámite desde el inicio y terminar con el expediente paralizado. ⏳📌 Guarda este video para tener a mano la diferencia antes de preparar tus documentos.Y si no sabes cuál es la vía correcta para tu carrera, resuélvelo sin rodeos: agenda tu consulta gratuita en el link de nuestra bio y evaluamos tu caso sin compromiso. 📲✨#EntreTramites #Homologacion #Equivalencia #España #Profesiones;2026-08-03 11:47;1040;;713;;46;5;;2;53;;74.33;;;13465;;;10799013;41.5;1;1:32
3954283582525820120_39271098445;https://www.instagram.com/reel/Dbgb_e1nEzY/;https://scontent-lhr11-1.cdninstagram.com/v/t51.71878-15/764036175_27567788822922499_8432439171690384745_n.jpg?stp=dst-jpg_e35_tt6&_nc_cat=101&ccb=7-5&_nc_sid=18de74&efg=eyJlZmdfdGFnIjoiQ0xJUFMuYmVzdF9pbWFnZV91cmxnZW4uQzMifQ%3D%3D&_nc_ohc=MPf701ecgngQ7kNvwFgd8gB&_nc_oc=Adr8htyZRqh8YQrKpb7DzzcBHfgP6WQprN8szmKSsTdpU_ImpURJ7H0-KVywz_o1Wjo&_nc_zt=23&_nc_ht=scontent-lhr11-1.cdninstagram.com&edm=AM6HXa8EAAAA&_nc_gid=PVY5M9ONZQPjJTOypQUl8A&_nc_tpa=Q5bMBQKYktHx5nC1hEmAQgTB9wNOTiM9drGpQiqW0GW_H7WyDFzp4ZbGlWGREr12DZEfOytk4Zk3vAL1&oh=00_AQGXq4Dpvmo42WoAPOho8esE_CCxJypm7qIRuJ3dXOM03A&oe=6A936D6F;Hay llamadas que cambian el día... Y luego está esa llamada que llevas meses imaginando. 🚪📄❤️Cuando por fin llega tu residencia.Cuéntanos cuánto tiempo esperaste por tu resolución. 👇#ResidenciaEspaña #VivirEnEspaña #MigrantesEnEspaña #ExpatsInSpain #EntreTramites;2026-08-01 13:03;1074;;766;;15;;2;1;18;;23.5;;;7058;;;5484588;57.9;;0:15
