Media;PostLink;Content;Date;Type;Likes;Comments;Interactions;Engagement;Duracion;Vistas
;https://www.instagram.com/reel/DcTHIPNNA0Z/;🚨 ¿Imaginas vivir décadas indocumentado? ¿Puedes conseguir papeles en España si no tienes ningún documento que acredite tu identidad? Nosotros lo hemos logrado en lo que es uno de los casos más difíciles que se nos ha presentado en la oficina ♟️💬 Escribe la palabra “AYUDA” en comentarios y te enviamos por mensaje privado cómo puedes contactarnos si necesitas gestionar cualquier trámite de extranjería o nacionalidad📲 También puedes escribirnos directamente un mensaje por WhatsApp al número 687 69 28 05 y te ayudamos con todo ✅#extranjería #residencia #documentación #abogado #abogadodeinmigracion;2026-08-21 05:29;Reel;208;20;228;1.37;1:40;4458
;https://www.instagram.com/reel/DcQpnuBNrV1/;💡 ¿Sabes que si eres español y quieres traer a tus padres puedes reagruparles sin haberles enviado dinero? 💬 Escribe la palabra “INFO” en comentarios y te enviamos por mensaje privado un enlace donde te contamos como hacerlo correctamente 😉 👍🏼📲 Si necesitas gestionar cualquier trámite de extranjería o nacionalidad, escríbenos un mensaje por WhatsApp al número 687 69 28 05 y te ayudamos con todo ✅#reagrupaciónfamiliar #reagruparatuspadres #traeratuspadres #padresdeespañol #ascendientesdeespañol;2026-08-20 06:28;Reel;144;226;370;2.23;0:50;4486
;https://www.instagram.com/reel/DcN-CuVtTCr/;☝🏼 Una vez consigues la Nacionalidad Española, las ventajas no son solo para ti, sino también para tu familia, puesto que vas a poder traerles más fácilmente y podrán conseguir un poquito más adelante también su propio pasaporte español 💬 Escribe la palabra “FAMILIA” en comentarios y te enviamos por mensaje privado un enlace a la guía completa sobre este permiso 📝#nacionalidad #residencia #residenciaenEspaña #familiardeespañol #reagrupaciónfamiliar;2026-08-19 05:26;Reel;52;61;113;0.68;0:50;2436
;https://www.instagram.com/reel/DcLTg9rtOoW/;☝🏼 ¿Sabes que muchos sacerdotes y monjas también hacen sus trámites de extranjería y también solicitan su Nacionalidad Española? 💬 Deja la palabra “INFO” en comentarios y recibirás por privado toda la información de cómo hemos logrado esta dispensa para una de las religiosas de una orden a la que hemos sacado ya varias Nacionalidades. Te explicamos cómo se solicita y en qué casos podrás obtener tu Nacionalidad sin tener que hacer los examenes 🇪🇸 #dispensa #exámenesnacionalidad #nacionalidad #nacionalidadespañola #dispensanacionalidad;2026-08-18 04:42;Reel;69;4;73;0.44;1:18;2101
;https://www.instagram.com/reel/DcLNswwN3VU/;Nuevo terremoto en Granada ahora mismo de 4.6;2026-08-18 03:49;Reel;1439;438;1877;11.31;0:39;15627
;https://www.instagram.com/reel/DcI0mt1NJLF/;💥 Ya tenemos una concesión por la DA 21ª con Informe de Vulnerabilidad! 💬 Deja la palabra “INFO” y te enviamos toda la información por mensaje privado 📩#regularización #regularizaciónya #informedevulnerabilidad #extranjería #vulnerabilidad;2026-08-17 05:30;Reel;320;56;376;2.26;0:43;8241
;https://www.instagram.com/reel/DcBI8SENcUp/;✨ ¿Quieres venir a teletrabajar en España? 💬 Deja la palabra “GUIA” en comentarios y te enviamos por mensaje privado todo lo que necesitas saber sobre el visado de Nómada Digital: cómo solicitarlo, qué documentación necesitas para tu solicitud, etc... 📋📲 Y si quieres tramitar este visado, no dudes en escribirnos por WhatsApp al número  34 687 69 28 05 y te ayudamos con todo ✅#teletrabajar #nómadadigital #visa #residencia #trabajarenespaña;2026-08-14 05:53;Reel;33;41;74;0.45;0:38;1601
;https://www.instagram.com/reel/Db-fOumNV0t/;🤯 ¿Qué pasa cuando extranjería duda del vínculo por un error en los documentos del Registro Civil y deniega la Residencia de Familiar de Español a tu propia hija? 💡 ¡Pues que se puede recurrir! 💬 Deja la palabra “INFO” en comentarios y te enviamos como podemos ayudarte 👍🏼📲 Si necesitas ayuda con cualquier tramite de este tipo, escríbenos un mensaje por WhatsApp al número  34 687 69 28 05 y te ayudamos con todo ✅#familiardeespañol #residencia #residenciaparafamiliaresdeespañoles #residenciaenEspaña #permisoderesidencia;2026-08-13 05:12;Reel;61;10;71;0.43;0:59;2689
;https://www.instagram.com/reel/Db5UAD1NKqr/;🇪🇸 Los hijos de españoles de origen pueden tramitar una Residencia de 5 años de duración con la que pueden trabajar, pero ¿qué pasa con su familia? 💬 Deja la palabra “INFO” en un comentario y te enviamos por mensaje privado el enlace con toda la información sobre cómo pueden venir a España ✈️#hijodeespañol #españoldeorigen #visado #residenciafamiliar #residenciaenespaña;2026-08-11 04:58;Reel;93;44;137;0.83;0:57;3687
;https://www.instagram.com/reel/Db26xcBt4Fj/;🔎 ¿Estás buscando trabajo? 🚐 ¡Llega la Oficina de Empleo Móvil de la Comunidad de Madrid! 💬 Escribe la palabra “INFO” aquí en un comentario y te enviamos un 📩 mensaje privado con el enlace para que puedas consultar las fechas y los lugares en los que podrás encontrar esta oficina para poder así encontrar empleo 🚀 #trabajo #empleo #oficinadeempleo #trabajoenmadrid #empleoenmadrid;2026-08-10 06:36;Reel;161;269;430;2.59;0:33;3515
;https://www.instagram.com/reel/Dbu_6x0tsXh/;🇪🇸 ¿Estás realmente obligado a hacer los exámenes para obtener la Nacionalidad Española? ☝🏼 ¡Ojo! Hay casos en los que puedes pedir la dispensa parcial, e incluso total 💬 Deja la palabra “INFO” en comentarios y te contamos por mensaje privado en qué casos y cómo puedes solicitar la Nacionalidad sin hacer los exámenes 😉#nacionalidad #nacionalidadespañola #dispensa #exámenesdenacionalidad #nacionalidadsinexamen;2026-08-07 04:51;Reel;54;81;135;0.81;0:34;2750
;https://www.instagram.com/reel/Dbp2VQrNCh8/;✌🏼 Estamos súper felices por la concesión de la residencia de los padres de un ciudadano español (uno mayor y otro menor de 80 años), ¡en sólo 5 días! en Cádiz 💬 Escribe la palabra “PADRES” en un comentario y te enviamos por mensaje privado un enlace con toda la información para traerlos y que puedas tenerles más cerquita 🫶🏼✈️#padresdeespañol #extranjería #residenciaenespaña #traeratuspadres #tfe;2026-08-05 04:49;Reel;240;53;293;1.76;0:45;10420
;https://www.instagram.com/reel/DbnWBYwNLns/;☝🏼 ¿Sabías que no todos los informes de vulnerabilidad son correctos o válidos para la Regularización? 💥 Deja la palabra “INFO” en un comentario y te enviamos por mensaje privado un enlace donde explicamos todo lo que necesitas para que puedas verificar cuanto antes este importantísimo detalle 📩 #regularización #regularizaciónya #regularizacióndeextranjeros #informedevulnerabilidad #extranjería;2026-08-04 05:36;Reel;154;23;177;1.07;2:34;4718
;https://www.instagram.com/reel/Dbkz9GBCf97/;"💥 Comienza el mes de agosto y con él ¡tu oportunidad de conseguir un empleo! ✨ Presta mucha atención y descubre cuáles son las nuevas ofertas de empleo publicadas este mes 🤩 Deja la palabra ""INFO"" en comentarios 💬 y te enviamos el listado de empleos por privado.️#trabajo #empleo #trabajoenespaña #trabajaenespaña #empleoenespaña";2026-08-03 05:49;Reel;264;784;1048;6.31;0:25;6060
